ID,Age,Gender,Dominant,Thumb(mm),Index(mm),Phone,Usage,X,Y,Height,Width,Height(mm),Width(mm),Dist2Right(mm)
1,21,Male,Right,71,78,720P,Thumb,0.483616,0.662695,0.253516,0.473335,24.1329,25.3452,27.6503
1,21,Male,Right,71,78,1440P,Thumb,0.474368,0.760666,0.273918,0.61789,30.9264,39.2409,33.3819
1,21,Male,Right,71,78,720P,Thumb,0.518301,0.651883,0.275641,0.547353,26.2391,29.3086,25.793
1,21,Male,Right,71,78,1440P,Thumb,0.501295,0.747523,0.298945,0.61759,33.7521,39.2219,31.6717
1,21,Male,Right,71,78,720P,Thumb,0.473608,0.628666,0.23754,0.486321,22.6121,26.0405,28.1862
1,21,Male,Right,71,78,1440P,Thumb,0.506697,0.75274,0.294543,0.597245,33.2551,37.9298,31.3287
1,21,Male,Right,71,78,720P,Thumb,0.489236,0.634402,0.265678,0.484028,25.2907,25.9178,27.3494
1,21,Male,Right,71,78,1440P,Thumb,0.502071,0.748947,0.285059,0.617635,32.1843,39.2248,31.6225
1,21,Male,Right,71,78,720P,Index,0.493201,0.635817,0.245072,0.572114,23.3291,30.6344,27.137
1,21,Male,Right,71,78,1440P,Index,0.503913,0.735949,0.285984,0.60509,32.2888,38.4281,31.5055
1,21,Male,Right,71,78,720P,Index,0.496763,0.653082,0.284492,0.505801,27.0817,27.0836,26.9463
1,21,Male,Right,71,78,1440P,Index,0.505706,0.769379,0.289523,0.716033,32.6884,45.4738,31.3916
1,21,Male,Right,71,78,720P,Index,0.487196,0.694875,0.315079,0.554775,29.9933,29.706,27.4586
1,21,Male,Right,71,78,1440P,Index,0.51585,0.699104,0.326855,0.659716,36.9033,41.8972,30.7474
1,21,Male,Right,71,78,720P,Index,0.44259,0.662114,0.262521,0.594778,24.9902,31.848,29.8471
1,21,Male,Right,71,78,1440P,Index,0.520024,0.707359,0.352172,0.625855,39.7616,39.7468,30.4823
1,21,Male,Right,71,78,720P,Index,0.429559,0.675289,0.306828,0.643657,29.2079,34.4652,30.5448
1,21,Male,Right,71,78,1440P,Index,0.55118,0.712764,0.314074,0.622294,35.4602,39.5206,28.5037
1,21,Male,Right,71,78,720P,Index,0.459072,0.686543,0.279336,0.765367,26.5908,40.9823,28.9645
1,21,Male,Right,71,78,1440P,Index,0.597988,0.689992,0.316016,0.592928,35.6794,37.6557,25.531
2,21,Male,Right,65,73,720P,Thumb,0.545085,0.775734,0.261189,0.603951,24.8634,32.3392,24.3589
2,21,Male,Right,65,73,1440P,Thumb,0.440193,0.78282,0.264453,0.596642,29.8578,37.8915,35.5522
2,21,Male,Right,65,73,720P,Thumb,0.564685,0.814564,0.239622,0.476592,22.8103,25.5196,23.3094
2,21,Male,Right,65,73,1440P,Thumb,0.461894,0.764258,0.261125,0.540822,29.4821,34.3465,34.174
2,21,Male,Right,65,73,720P,Thumb,0.59468,0.814617,0.266078,0.475471,25.3288,25.4596,21.7033
2,21,Male,Right,65,73,1440P,Thumb,0.429382,0.784982,0.296527,0.506027,33.4791,32.1368,36.2388
2,21,Male,Right,65,73,720P,Thumb,0.56201,0.829274,0.260202,0.582194,24.7694,31.1742,23.4526
2,21,Male,Right,65,73,1440P,Thumb,0.392959,0.780566,0.270156,0.586929,30.5017,37.2747,38.552
2,21,Male,Right,65,73,720P,Index,0.549564,0.852752,0.242871,0.561206,23.1196,30.0503,24.1191
2,21,Male,Right,65,73,1440P,Index,0.383199,0.779252,0.281074,0.575351,31.7344,36.5394,39.1718
2,21,Male,Right,65,73,720P,Index,0.552083,0.711003,0.366556,0.559722,34.8936,29.9709,23.9841
2,21,Male,Right,65,73,1440P,Index,0.514925,0.795209,0.30541,0.777928,34.482,49.4047,30.8062
2,21,Male,Right,65,73,720P,Index,0.494556,0.732586,0.355797,0.669572,33.8694,35.8529,27.0645
2,21,Male,Right,65,73,1440P,Index,0.529304,0.753801,0.383703,0.763976,43.3216,48.5186,29.893
2,21,Male,Right,65,73,720P,Index,0.516639,0.76875,0.370312,0.822078,35.2512,44.019,25.882
2,21,Male,Right,65,73,1440P,Index,0.536146,0.785139,0.315566,0.743805,35.6287,47.2376,29.4584
2,21,Male,Right,65,73,720P,Index,0.590381,0.826172,0.327344,0.588222,31.1608,31.4969,21.9335
2,21,Male,Right,65,73,1440P,Index,0.423581,0.814715,0.259086,0.734658,29.2518,46.6566,36.6072
2,21,Male,Right,65,73,720P,Index,0.422176,0.791328,0.277969,0.807053,26.4607,43.2145,30.9402
2,21,Male,Right,65,73,1440P,Index,0.42072,0.799809,0.333422,0.75688,37.6447,48.068,36.7889
3,21,Male,Right,63,68,720P,Thumb,0.545085,0.775734,0.261189,0.603951,24.8634,32.3392,24.3589
3,21,Male,Right,63,68,1440P,Thumb,0.46862,0.749281,0.290492,0.701997,32.7977,44.5824,33.7469
3,21,Male,Right,63,68,720P,Thumb,0.564685,0.814564,0.239622,0.476592,22.8103,25.5196,23.3094
3,21,Male,Right,63,68,1440P,Thumb,0.482654,0.71858,0.329223,0.673317,37.1706,42.761,32.8556
3,21,Male,Right,63,68,720P,Thumb,0.59468,0.814617,0.266078,0.475471,25.3288,25.4596,21.7033
3,21,Male,Right,63,68,1440P,Thumb,0.516298,0.74332,0.35407,0.68839,39.976,43.7182,30.7189
3,21,Male,Right,63,68,720P,Thumb,0.56201,0.829274,0.260202,0.582194,24.7694,31.1742,23.4526
3,21,Male,Right,63,68,1440P,Thumb,0.506489,0.7755,0.32532,0.701522,36.73,44.5523,31.3419
3,21,Male,Right,63,68,720P,Index,0.549564,0.852752,0.242871,0.561206,23.1196,30.0503,24.1191
3,21,Male,Right,63,68,1440P,Index,0.502989,0.784533,0.293879,0.645799,33.1801,41.0134,31.5642
3,21,Male,Right,63,68,720P,Index,0.552083,0.711003,0.366556,0.559722,34.8936,29.9709,23.9841
3,21,Male,Right,63,68,1440P,Index,0.437898,0.783861,0.413105,0.672245,46.6413,42.6929,35.698
3,21,Male,Right,63,68,720P,Index,0.494556,0.732586,0.355797,0.669572,33.8694,35.8529,27.0645
3,21,Male,Right,63,68,1440P,Index,0.435241,0.726607,0.33516,0.61924,37.8409,39.3267,35.8667
3,21,Male,Right,63,68,720P,Index,0.516639,0.76875,0.370312,0.822078,35.2512,44.019,25.882
3,21,Male,Right,63,68,1440P,Index,0.52204,0.789127,0.363215,0.726824,41.0084,46.1591,30.3543
3,21,Male,Right,63,68,720P,Index,0.590381,0.826172,0.327344,0.588222,31.1608,31.4969,21.9335
3,21,Male,Right,63,68,1440P,Index,0.485004,0.770361,0.351645,0.794756,39.7021,50.4734,32.7064
3,21,Male,Right,63,68,720P,Index,0.422176,0.791328,0.277969,0.807053,26.4607,43.2145,30.9402
3,21,Male,Right,63,68,1440P,Index,0.50286,0.775637,0.35657,0.789627,40.2582,50.1476,31.5724
4,21,Male,Right,65,76,720P,Thumb,0.562727,0.702734,0.352344,0.771185,33.5407,41.2939,23.4142
4,21,Male,Right,65,76,1440P,Thumb,0.583216,0.740008,0.317641,0.729847,35.8629,46.3511,26.4691
4,21,Male,Right,65,76,720P,Thumb,0.572176,0.656125,0.32475,0.808665,30.9139,43.3008,22.9083
4,21,Male,Right,65,76,1440P,Thumb,0.600428,0.689727,0.30275,0.703712,34.1817,44.6914,25.376
4,21,Male,Right,65,76,720P,Thumb,0.55867,0.699993,0.328841,0.85766,31.3034,45.9242,23.6314
4,21,Male,Right,65,76,1440P,Thumb,0.556628,0.692221,0.30509,0.708272,34.4459,44.981,28.1577
4,21,Male,Right,65,76,720P,Thumb,0.530677,0.701562,0.364063,0.797686,34.6562,42.7129,25.1304
4,21,Male,Right,65,76,1440P,Thumb,0.571163,0.665074,0.346023,0.716215,39.0674,45.4854,27.2346
4,21,Male,Right,65,76,720P,Index,0.549615,0.660937,0.35,0.868089,33.3175,46.4827,24.1163
4,21,Male,Right,65,76,1440P,Index,0.595298,0.668168,0.291977,0.669029,32.9653,42.4887,25.7018
4,21,Male,Right,65,76,720P,Index,0.540972,0.670501,0.36253,0.840278,34.5103,44.9935,24.5791
4,21,Male,Right,65,76,1440P,Index,0.45659,0.653748,0.275082,0.829876,31.0579,52.7038,34.5109
4,21,Male,Right,65,76,720P,Index,0.53997,0.676691,0.373695,0.843095,35.5732,45.1444,24.6327
4,21,Male,Right,65,76,1440P,Index,0.511397,0.693656,0.313641,0.823719,35.4113,52.3128,31.0302
4,21,Male,Right,65,76,720P,Index,0.535071,0.651785,0.370758,0.856799,35.2935,45.8782,24.8951
4,21,Male,Right,65,76,1440P,Index,0.510329,0.666266,0.330906,0.807175,37.3606,51.2621,31.098
4,21,Male,Right,65,76,720P,Index,0.516297,0.638359,0.340781,0.857594,32.44,45.9208,25.9003
4,21,Male,Right,65,76,1440P,Index,0.53337,0.697879,0.311484,0.859747,35.1678,54.6008,29.6348
4,21,Male,Right,65,76,720P,Index,0.48314,0.633337,0.427858,0.850176,40.7291,45.5235,27.6758
4,21,Male,Right,65,76,1440P,Index,0.516857,0.66885,0.34884,0.758731,39.3854,48.1855,30.6835
6,20,Male,Right,64,69,720P,Thumb,0.531264,0.824037,0.181613,0.391694,17.2883,20.9737,25.0989
6,20,Male,Right,64,69,1440P,Thumb,0.50118,0.73025,0.240188,0.535822,27.1181,34.029,31.6791
6,20,Male,Right,64,69,720P,Thumb,0.433001,0.79336,0.178171,0.459954,16.9606,24.6287,30.3605
6,20,Male,Right,64,69,1440P,Thumb,0.510072,0.700459,0.28416,0.496413,32.0828,31.5262,31.1144
6,20,Male,Right,64,69,720P,Thumb,0.480556,0.793525,0.169748,0.377778,16.1588,20.2285,27.8142
6,20,Male,Right,64,69,1440P,Thumb,0.525925,0.749354,0.255754,0.494483,28.8756,31.4036,30.1075
6,20,Male,Right,64,69,720P,Thumb,0.531363,0.78895,0.189616,0.403354,18.0502,21.598,25.0936
6,20,Male,Right,64,69,1440P,Thumb,0.533435,0.728633,0.261281,0.484978,29.4997,30.8,29.6306
6,20,Male,Right,64,69,720P,Index,0.512895,0.79007,0.191078,0.381035,18.1893,20.4029,26.0825
6,20,Male,Right,64,69,1440P,Index,0.504137,0.736344,0.305187,0.549879,34.4569,34.9217,31.4913
6,20,Male,Right,64,69,720P,Index,0.566501,0.680252,0.303591,0.531956,28.8997,28.4841,23.2121
6,20,Male,Right,64,69,1440P,Index,0.485493,0.759494,0.311879,0.677972,35.2124,43.0566,32.6753
6,20,Male,Right,64,69,720P,Index,0.529588,0.681219,0.3265,0.654176,31.0805,35.0285,25.1887
6,20,Male,Right,64,69,1440P,Index,0.476294,0.762871,0.293219,0.617884,33.1056,39.2406,33.2595
6,20,Male,Right,64,69,720P,Index,0.497915,0.662736,0.315154,0.55619,30.0004,29.7818,26.8847
6,20,Male,Right,64,69,1440P,Index,0.507598,0.727361,0.319324,0.706444,36.053,44.8648,31.2715
6,20,Male,Right,64,69,720P,Index,0.529527,0.69752,0.296602,0.570965,28.2344,30.5729,25.1919
6,20,Male,Right,64,69,1440P,Index,0.501558,0.74102,0.330461,0.67994,37.3104,43.1816,31.6551
6,20,Male,Right,64,69,720P,Index,0.554334,0.691125,0.355249,0.633296,33.8172,33.9105,23.8636
6,20,Male,Right,64,69,1440P,Index,0.485742,0.740301,0.282359,0.660321,31.8795,41.9357,32.6595
7,20,Male,Right,70,79,720P,Thumb,0.472762,0.802227,0.281016,0.608813,26.7507,32.5995,28.2315
7,20,Male,Right,70,79,1440P,Thumb,0.448967,0.809309,0.236586,0.560219,26.7115,35.5784,34.995
7,20,Male,Right,70,79,720P,Thumb,0.490014,0.80279,0.27592,0.623325,26.2657,33.3766,27.3077
7,20,Male,Right,70,79,1440P,Thumb,0.484088,0.761662,0.259473,0.586532,29.2955,37.2495,32.7645
7,20,Male,Right,70,79,720P,Thumb,0.532834,0.778059,0.293617,0.569788,27.9503,30.5098,25.0149
7,20,Male,Right,70,79,1440P,Thumb,0.461462,0.772143,0.244074,0.560826,27.557,35.617,34.2015
7,20,Male,Right,70,79,720P,Thumb,0.532419,0.818484,0.268219,0.577522,25.5325,30.924,25.0371
7,20,Male,Right,70,79,1440P,Thumb,0.49931,0.693035,0.266352,0.586297,30.0722,37.2345,31.7978
7,20,Male,Right,70,79,720P,Index,0.525255,0.743445,0.255641,0.559018,24.3352,29.9332,25.4207
7,20,Male,Right,70,79,1440P,Index,0.466147,0.71059,0.260289,0.548803,29.3877,34.8534,33.9039
7,20,Male,Right,70,79,720P,Index,0.563187,0.738359,0.315953,0.671892,30.0765,35.9771,23.3896
7,20,Male,Right,70,79,1440P,Index,0.520422,0.718986,0.344129,0.657824,38.8535,41.7771,30.4571
7,20,Male,Right,70,79,720P,Index,0.528565,0.755646,0.314317,0.577593,29.9208,30.9278,25.2435
7,20,Male,Right,70,79,1440P,Index,0.494455,0.701266,0.331406,0.722994,37.4171,45.9159,32.1062
7,20,Male,Right,70,79,720P,Index,0.495827,0.753688,0.318313,0.635085,30.3011,34.0062,26.9964
7,20,Male,Right,70,79,1440P,Index,0.504135,0.664516,0.345023,0.73523,38.9545,46.693,31.4914
7,20,Male,Right,70,79,720P,Index,0.514319,0.784973,0.346225,0.623525,32.9582,33.3873,26.0063
7,20,Male,Right,70,79,1440P,Index,0.513465,0.644877,0.343535,0.754597,38.7865,47.923,30.8988
7,20,Male,Right,70,79,720P,Index,0.558262,0.746138,0.348348,0.623688,33.1603,33.396,23.6533
7,20,Male,Right,70,79,1440P,Index,0.562631,0.632777,0.318305,0.642016,35.9379,40.7732,27.7764
8,21,Male,Right,74,84,720P,Thumb,0.499381,0.689413,0.286861,0.609071,27.3072,32.6133,26.8061
8,21,Male,Right,74,84,1440P,Thumb,0.51755,0.700045,0.233098,0.611151,26.3177,38.813,30.6395
8,21,Male,Right,74,84,720P,Thumb,0.532378,0.68107,0.277766,0.599133,26.4413,32.0812,25.0393
8,21,Male,Right,74,84,1440P,Thumb,0.53223,0.707115,0.254762,0.596929,28.7636,37.9098,29.7071
8,21,Male,Right,74,84,720P,Thumb,0.54151,0.687221,0.252948,0.533647,24.0789,28.5747,24.5503
8,21,Male,Right,74,84,1440P,Thumb,0.497849,0.680053,0.266449,0.585942,30.0832,37.212,31.8906
8,21,Male,Right,74,84,720P,Thumb,0.525965,0.699496,0.27243,0.605343,25.9334,32.4137,25.3827
8,21,Male,Right,74,84,1440P,Thumb,0.537231,0.679848,0.294102,0.615232,33.2052,39.0722,29.3895
8,21,Male,Right,74,84,720P,Index,0.509924,0.672418,0.279211,0.565229,26.5789,30.2658,26.2416
8,21,Male,Right,74,84,1440P,Index,0.529129,0.723988,0.239469,0.591437,27.037,37.561,29.9041
8,21,Male,Right,74,84,720P,Index,0.568105,0.702282,0.285983,0.712446,27.2236,38.1486,23.1263
8,21,Male,Right,74,84,1440P,Index,0.484246,0.737824,0.287625,0.646883,32.474,41.0822,32.7545
8,21,Male,Right,74,84,720P,Index,0.578709,0.712793,0.297461,0.688174,28.3162,36.8489,22.5584
8,21,Male,Right,74,84,1440P,Index,0.581089,0.715727,0.283477,0.675225,32.0056,42.8822,26.6042
8,21,Male,Right,74,84,720P,Index,0.594053,0.677494,0.30173,0.721299,28.7226,38.6227,21.7368
8,21,Male,Right,74,84,1440P,Index,0.57807,0.730389,0.302285,0.695942,34.1292,44.1979,26.7959
8,21,Male,Right,74,84,720P,Index,0.560894,0.749143,0.280464,0.605121,26.6982,32.4018,23.5124
8,21,Male,Right,74,84,1440P,Index,0.486078,0.732764,0.314535,0.633065,35.5123,40.2047,32.6381
8,21,Male,Right,74,84,720P,Index,0.577697,0.71143,0.302547,0.686461,28.8003,36.7572,22.6126
8,21,Male,Right,74,84,1440P,Index,0.542525,0.677031,0.290273,0.667353,32.773,42.3822,29.0533
9,24,Male,Right,68,80,720P,Thumb,0.535417,0.676492,0.332672,0.573611,31.668,30.7146,24.8766
9,24,Male,Right,68,80,1440P,Thumb,0.465292,0.523207,0.24375,0.572429,27.5203,36.3538,33.9582
9,24,Male,Right,68,80,720P,Thumb,0.50476,0.658228,0.253856,0.62659,24.1653,33.5514,26.5181
9,24,Male,Right,68,80,1440P,Thumb,0.457717,0.548803,0.228465,0.573969,25.7946,36.4516,34.4393
9,24,Male,Right,68,80,720P,Thumb,0.447097,0.705503,0.278056,0.597474,26.469,31.9923,29.6058
9,24,Male,Right,68,80,1440P,Thumb,0.420241,0.544434,0.237789,0.536772,26.8473,34.0893,36.8193
9,24,Male,Right,68,80,720P,Thumb,0.461378,0.65632,0.234514,0.636646,22.3241,34.0898,28.841
9,24,Male,Right,68,80,1440P,Thumb,0.460416,0.54016,0.228758,0.554001,25.8277,35.1835,34.2679
9,24,Male,Right,68,80,720P,Index,0.455556,0.687965,0.246242,0.663889,23.4405,35.5486,29.1528
9,24,Male,Right,68,80,1440P,Index,0.420062,0.58124,0.216426,0.526715,24.4353,33.4506,36.8307
9,24,Male,Right,68,80,720P,Index,0.537406,0.686354,0.285668,0.677589,27.1936,36.2822,24.7701
9,24,Male,Right,68,80,1440P,Index,0.44154,0.498449,0.310375,0.747878,35.0426,47.4962,35.4667
9,24,Male,Right,68,80,720P,Index,0.510623,0.705947,0.263106,0.632357,25.0459,33.8602,26.2042
9,24,Male,Right,68,80,1440P,Index,0.482906,0.520467,0.328519,0.700187,37.0911,44.4675,32.8396
9,24,Male,Right,68,80,720P,Index,0.418151,0.757519,0.275774,0.662813,26.2518,35.491,31.1557
9,24,Male,Right,68,80,1440P,Index,0.473006,0.536541,0.275035,0.655544,31.0526,41.6323,33.4683
9,24,Male,Right,68,80,720P,Index,0.493946,0.582091,0.270431,0.585114,25.7432,31.3305,27.0972
9,24,Male,Right,68,80,1440P,Index,0.513405,0.519839,0.283354,0.644787,31.9918,40.9492,30.9027
9,24,Male,Right,68,80,720P,Index,0.4505,0.548865,0.236793,0.596222,22.541,31.9253,29.4235
9,24,Male,Right,68,80,1440P,Index,0.483201,0.519835,0.321963,0.756181,36.3509,48.0236,32.8209
10,21,Male,Right,60,73,720P,Thumb,0.526258,0.724822,0.312575,0.732956,29.755,39.2468,25.367
10,21,Male,Right,60,73,1440P,Thumb,0.530384,0.560539,0.227219,0.647385,25.6539,41.1141,29.8244
10,21,Male,Right,60,73,720P,Thumb,0.547866,0.582145,0.351334,0.711693,33.4446,38.1083,24.21
10,21,Male,Right,60,73,1440P,Thumb,0.632415,0.62849,0.246707,0.560851,27.8542,35.6185,23.3446
10,21,Male,Right,60,73,720P,Thumb,0.530176,0.759345,0.328716,0.724371,31.2915,38.7872,25.1572
10,21,Male,Right,60,73,1440P,Thumb,0.493614,0.615016,0.278453,0.660078,31.4385,41.9202,32.1596
10,21,Male,Right,60,73,720P,Thumb,0.444444,0.701016,0.341094,0.808333,32.4697,43.283,29.7478
10,21,Male,Right,60,73,1440P,Thumb,0.506587,0.614959,0.253207,0.68691,28.5881,43.6243,31.3357
10,21,Male,Right,60,73,720P,Index,0.483526,0.707075,0.29499,0.880772,28.081,47.1618,27.6551
10,21,Male,Right,60,73,1440P,Index,0.465768,0.603852,0.285336,0.628797,32.2156,39.9337,33.928
10,21,Male,Right,60,73,720P,Index,0.527884,0.794531,0.365625,0.747782,34.8049,40.0407,25.2799
10,21,Male,Right,60,73,1440P,Index,0.442723,0.557259,0.341505,0.679013,38.5573,43.1227,35.3916
10,21,Male,Right,60,73,720P,Index,0.412737,0.682059,0.372163,0.75786,35.4273,40.5804,31.4456
10,21,Male,Right,60,73,1440P,Index,0.46827,0.594617,0.26632,0.725058,30.0686,46.047,33.7691
10,21,Male,Right,60,73,720P,Index,0.464679,0.708908,0.332949,0.696025,31.6944,37.2694,28.6643
10,21,Male,Right,60,73,1440P,Index,0.441485,0.590816,0.325711,0.677474,36.7741,43.025,35.4701
10,21,Male,Right,60,73,720P,Index,0.430058,0.582031,0.36875,0.759328,35.1024,40.659,30.5181
10,21,Male,Right,60,73,1440P,Index,0.422557,0.532037,0.280277,0.718512,31.6444,45.6312,36.6723
10,21,Male,Right,60,73,720P,Index,0.522633,0.589298,0.339533,0.763336,32.3211,40.8736,25.5611
10,21,Male,Right,60,73,1440P,Index,0.488597,0.554452,0.357628,0.717474,40.3776,45.5653,32.4782
11,25,Male,Right,63,72,720P,Thumb,0.526529,0.726629,0.292055,0.778597,27.8016,41.6908,25.3525
11,25,Male,Right,63,72,1440P,Thumb,0.550571,0.655557,0.303223,0.566705,34.2351,35.9903,28.5423
11,25,Male,Right,63,72,720P,Thumb,0.530388,0.745342,0.272331,0.778114,25.924,41.6649,25.1459
11,25,Male,Right,63,72,1440P,Thumb,0.559164,0.645938,0.312617,0.638241,35.2957,40.5334,27.9966
11,25,Male,Right,63,72,720P,Thumb,0.518189,0.74288,0.308005,0.799239,29.3199,42.796,25.7991
11,25,Male,Right,63,72,1440P,Thumb,0.556059,0.659861,0.318645,0.651853,35.9762,41.3979,28.1938
11,25,Male,Right,63,72,720P,Thumb,0.505615,0.757475,0.27255,0.807748,25.9449,43.2517,26.4724
11,25,Male,Right,63,72,1440P,Thumb,0.545476,0.67325,0.283844,0.595257,32.0471,37.8036,28.8659
11,25,Male,Right,63,72,720P,Index,0.501386,0.748891,0.311842,0.801801,29.6852,42.9332,26.6988
11,25,Male,Right,63,72,1440P,Index,0.561567,0.665672,0.316586,0.669519,35.7438,42.5198,27.844
11,25,Male,Right,63,72,720P,Index,0.485102,0.766711,0.352172,0.926171,33.5243,49.5927,27.5707
11,25,Male,Right,63,72,1440P,Index,0.570927,0.664008,0.342,0.712937,38.6132,45.2772,27.2495
11,25,Male,Right,63,72,720P,Index,0.491664,0.786894,0.409024,0.947903,38.9362,50.7564,27.2194
11,25,Male,Right,63,72,1440P,Index,0.476117,0.706049,0.368605,0.810918,41.617,51.4998,33.2707
11,25,Male,Right,63,72,720P,Index,0.496209,0.76934,0.391711,0.921526,37.2881,49.344,26.976
11,25,Male,Right,63,72,1440P,Index,0.492671,0.687727,0.333148,0.73388,37.6138,46.6072,32.2194
11,25,Male,Right,63,72,720P,Index,0.497719,0.791476,0.403892,0.927611,38.4477,49.6699,26.8951
11,25,Male,Right,63,72,1440P,Index,0.497105,0.677699,0.381266,0.856151,43.0464,54.3724,31.9378
11,25,Male,Right,63,72,720P,Index,0.50461,0.745703,0.442969,0.96061,42.1675,51.4368,26.5261
11,25,Male,Right,63,72,1440P,Index,0.491193,0.724092,0.396637,0.91178,44.7819,57.9053,32.3133
12,20,Male,Right,65,72,720P,Thumb,0.575286,0.587758,0.217703,0.635553,20.7238,34.0313,22.7417
12,20,Male,Right,65,72,1440P,Thumb,0.534662,0.521463,0.190918,0.632592,21.5554,40.1747,29.5527
12,20,Male,Right,65,72,720P,Thumb,0.516956,0.622274,0.191625,0.610431,18.2414,32.6861,25.8651
12,20,Male,Right,65,72,1440P,Thumb,0.50604,0.566936,0.189684,0.600449,21.416,38.1333,31.3704
12,20,Male,Right,65,72,720P,Thumb,0.548635,0.662732,0.172339,0.604019,16.4055,32.3428,24.1688
12,20,Male,Right,65,72,1440P,Thumb,0.530755,0.585072,0.182184,0.646226,20.5693,41.0405,29.8008
12,20,Male,Right,65,72,720P,Thumb,0.533176,0.634406,0.184338,0.646631,17.5477,34.6245,24.9965
12,20,Male,Right,65,72,1440P,Thumb,0.513331,0.564922,0.206992,0.619214,23.3702,39.325,30.9074
12,20,Male,Right,65,72,720P,Index,0.56866,0.581277,0.205573,0.633192,19.5692,33.9049,23.0965
12,20,Male,Right,65,72,1440P,Index,0.509896,0.576414,0.217039,0.633305,24.5046,40.2199,31.1255
12,20,Male,Right,65,72,720P,Index,0.533728,0.611456,0.27135,0.732061,25.8306,39.1989,24.967
12,20,Male,Right,65,72,1440P,Index,0.541218,0.567689,0.257191,0.786397,29.0379,49.9425,29.1363
12,20,Male,Right,65,72,720P,Index,0.553855,0.624094,0.242438,0.645279,23.0784,34.5521,23.8893
12,20,Male,Right,65,72,1440P,Index,0.472209,0.617852,0.282125,0.821443,31.853,52.1682,33.519
12,20,Male,Right,65,72,720P,Index,0.533152,0.640518,0.223873,0.704085,21.3111,37.7009,24.9978
12,20,Male,Right,65,72,1440P,Index,0.484213,0.552434,0.261211,0.839852,29.4918,53.3373,32.7566
12,20,Male,Right,65,72,720P,Index,0.543285,0.612748,0.238563,0.721996,22.7095,38.66,24.4552
12,20,Male,Right,65,72,1440P,Index,0.546358,0.581082,0.275492,0.766298,31.1042,48.666,28.8099
12,20,Male,Right,65,72,720P,Index,0.497372,0.636895,0.243322,0.72362,23.1625,38.7469,26.9137
12,20,Male,Right,65,72,1440P,Index,0.486872,0.518242,0.283758,0.814506,32.0374,51.7276,32.5877
13,19,Female,Right,59,71,720P,Thumb,0.563485,0.753512,0.275898,0.731363,26.2636,39.1615,23.3736
13,19,Female,Right,59,71,1440P,Thumb,0.561303,0.711961,0.256398,0.640422,28.9484,40.6719,27.8608
13,19,Female,Right,59,71,720P,Thumb,0.532244,0.807089,0.292072,0.726375,27.8032,38.8945,25.0464
13,19,Female,Right,59,71,1440P,Thumb,0.568296,0.764365,0.25216,0.648255,28.4699,41.1694,27.4166
13,19,Female,Right,59,71,720P,Thumb,0.547948,0.708897,0.308769,0.783796,29.3926,41.9691,24.2056
13,19,Female,Right,59,71,1440P,Thumb,0.557185,0.707201,0.266684,0.66649,30.1096,42.3275,28.1223
13,19,Female,Right,59,71,720P,Thumb,0.523121,0.744619,0.267012,0.809313,25.4177,43.3355,25.5349
13,19,Female,Right,59,71,1440P,Thumb,0.544301,0.709076,0.272707,0.680621,30.7897,43.2249,28.9406
13,19,Female,Right,59,71,720P,Index,0.519432,0.740234,0.277344,0.81782,26.4012,43.791,25.7325
13,19,Female,Right,59,71,1440P,Index,0.53627,0.73565,0.27577,0.669126,31.1355,42.4948,29.4505
13,19,Female,Right,59,71,720P,Index,0.515206,0.793027,0.246992,0.777921,23.5119,41.6545,25.9588
13,19,Female,Right,59,71,1440P,Index,0.548614,0.742438,0.260266,0.765606,29.385,48.6221,28.6666
13,19,Female,Right,59,71,720P,Index,0.539583,0.805964,0.20876,0.8875,19.8725,47.5221,24.6535
13,19,Female,Right,59,71,1440P,Index,0.518446,0.730764,0.328418,0.806858,37.0797,51.2419,30.5825
13,19,Female,Right,59,71,720P,Index,0.549349,0.817187,0.232813,0.793143,22.1621,42.4696,24.1305
13,19,Female,Right,59,71,1440P,Index,0.558768,0.735949,0.271023,0.772158,30.5996,49.0382,28.0218
13,19,Female,Right,59,71,720P,Index,0.52521,0.787759,0.299483,0.863327,28.5087,46.2277,25.4231
13,19,Female,Right,59,71,1440P,Index,0.532337,0.744953,0.232266,0.678924,26.2237,43.1171,29.7004
13,19,Female,Right,59,71,720P,Index,0.544444,0.809978,0.289716,0.786111,27.5789,42.0931,24.3932
13,19,Female,Right,59,71,1440P,Index,0.506828,0.729654,0.260465,0.738205,29.4075,46.8819,31.3204
14,18,Female,Right,70,73,720P,Thumb,0.5495,0.68482,0.456954,0.783753,43.4988,41.9668,24.1225
14,18,Female,Right,70,73,1440P,Thumb,0.557404,0.627006,0.32252,0.687081,36.4137,43.6351,28.1084
14,18,Female,Right,70,73,720P,Thumb,0.579018,0.715366,0.519986,0.800297,49.499,42.8527,22.5419
14,18,Female,Right,70,73,1440P,Thumb,0.570524,0.619979,0.363324,0.704424,41.0208,44.7365,27.2751
14,18,Female,Right,70,73,720P,Thumb,0.544628,0.708565,0.513838,0.836516,48.9138,44.7921,24.3833
14,18,Female,Right,70,73,1440P,Thumb,0.560128,0.663234,0.373031,0.702592,42.1167,44.6202,27.9354
14,18,Female,Right,70,73,720P,Thumb,0.560664,0.69943,0.509062,0.809228,48.4591,43.3309,23.5247
14,18,Female,Right,70,73,1440P,Thumb,0.558276,0.643477,0.397258,0.736294,44.852,46.7606,28.053
14,18,Female,Right,70,73,720P,Index,0.571292,0.72462,0.499979,0.807417,47.5945,43.2339,22.9556
14,18,Female,Right,70,73,1440P,Index,0.549884,0.629236,0.428723,0.739648,48.4045,46.9736,28.5859
14,18,Female,Right,70,73,720P,Index,0.558916,0.657159,0.524182,0.797604,49.8985,42.7085,23.6183
14,18,Female,Right,70,73,1440P,Index,0.543152,0.624229,0.460809,0.771044,52.0271,48.9674,29.0135
14,18,Female,Right,70,73,720P,Index,0.523042,0.691463,0.55084,0.870656,52.4361,46.6201,25.5392
14,18,Female,Right,70,73,1440P,Index,0.542026,0.628687,0.502118,0.855809,56.6912,54.3507,29.085
14,18,Female,Right,70,73,720P,Index,0.531504,0.691652,0.522525,0.783953,49.7407,41.9775,25.0861
14,18,Female,Right,70,73,1440P,Index,0.53055,0.615114,0.517421,0.839776,58.4189,53.3325,29.8139
14,18,Female,Right,70,73,720P,Index,0.525694,0.663058,0.459822,0.868686,43.7718,46.5147,25.3972
14,18,Female,Right,70,73,1440P,Index,0.514837,0.605791,0.559817,0.852644,63.2056,54.1497,30.8117
14,18,Female,Right,70,73,720P,Index,0.538657,0.668814,0.593779,0.783797,56.5236,41.9692,24.7031
14,18,Female,Right,70,73,1440P,Index,0.526911,0.631701,0.468746,0.868539,52.9233,55.1592,30.0449
15,34,Female,Right,60,70,720P,Thumb,0.53893,0.593565,0.278752,0.511193,26.5353,27.3723,24.6885
15,34,Female,Right,60,70,1440P,Thumb,0.534414,0.54458,0.3143,0.50488,35.4858,32.0639,29.5684
15,34,Female,Right,60,70,720P,Thumb,0.555242,0.567112,0.285787,0.46859,27.2049,25.0911,23.815
15,34,Female,Right,60,70,1440P,Thumb,0.525441,0.52582,0.214727,0.323165,24.2435,20.5235,30.1383
15,34,Female,Right,60,70,720P,Thumb,0.552024,0.556622,0.301064,0.476157,28.6592,25.4963,23.9873
15,34,Female,Right,60,70,1440P,Thumb,0.540798,0.656662,0.22648,0.366585,25.5706,23.2811,29.163
15,34,Female,Right,60,70,720P,Thumb,0.63524,0.661261,0.302307,0.383264,28.7775,20.5222,19.5314
15,34,Female,Right,60,70,1440P,Thumb,0.529091,0.633297,0.264641,0.428958,29.879,27.2422,29.9065
15,34,Female,Right,60,70,720P,Index,0.599511,0.704625,0.236047,0.382308,22.47,20.4711,21.4446
15,34,Female,Right,60,70,1440P,Index,0.532848,0.655914,0.253852,0.387972,28.6609,24.6393,29.6679
15,34,Female,Right,60,70,720P,Index,0.587101,0.647779,0.386192,0.512519,36.7628,27.4434,22.1091
15,34,Female,Right,60,70,1440P,Index,0.565817,0.61127,0.298672,0.450963,33.7212,28.6398,27.5741
15,34,Female,Right,60,70,720P,Index,0.615542,0.580967,0.284135,0.518583,27.0477,27.7681,20.5862
15,34,Female,Right,60,70,1440P,Index,0.541734,0.64835,0.340434,0.447769,38.4363,28.4369,29.1036
15,34,Female,Right,60,70,720P,Index,0.569547,0.648059,0.287085,0.55475,27.3285,29.7046,23.049
15,34,Female,Right,60,70,1440P,Index,0.568283,0.579641,0.309688,0.355725,34.965,22.5914,27.4175
15,34,Female,Right,60,70,720P,Index,0.623094,0.660836,0.316984,0.464526,30.1747,24.8735,20.1818
15,34,Female,Right,60,70,1440P,Index,0.568751,0.65899,0.320145,0.35704,36.1456,22.6749,27.3878
15,34,Female,Right,60,70,720P,Index,0.60892,0.619815,0.303693,0.421126,28.9094,22.5496,20.9408
15,34,Female,Right,60,70,1440P,Index,0.485359,0.570965,0.373218,0.448713,42.1378,28.4968,32.6838
16,20,Female,Right,63,72,720P,Thumb,0.59654,0.738941,0.360695,0.609699,34.3357,32.6469,21.6037
16,20,Female,Right,63,72,1440P,Thumb,0.590964,0.777355,0.344258,0.603572,38.8681,38.3317,25.9771
16,20,Female,Right,63,72,720P,Thumb,0.629656,0.752437,0.337688,0.614868,32.1455,32.9237,19.8304
16,20,Female,Right,63,72,1440P,Thumb,0.567106,0.802578,0.31593,0.593246,35.6697,37.6759,27.4922
16,20,Female,Right,63,72,720P,Thumb,0.544925,0.79713,0.251739,0.618564,23.9638,33.1216,24.3674
16,20,Female,Right,63,72,1440P,Thumb,0.583569,0.801926,0.282492,0.603181,31.8945,38.3068,26.4467
16,20,Female,Right,63,72,720P,Thumb,0.573903,0.764352,0.278061,0.635526,26.4695,34.0299,22.8158
16,20,Female,Right,63,72,1440P,Thumb,0.596293,0.774025,0.349707,0.574802,39.4833,36.5045,25.6386
16,20,Female,Right,63,72,720P,Index,0.578063,0.818975,0.341206,0.604985,32.4804,32.3945,22.593
16,20,Female,Right,63,72,1440P,Index,0.581921,0.829137,0.260523,0.562103,29.4141,35.698,26.5514
16,20,Female,Right,63,72,720P,Index,0.625694,0.685598,0.347758,0.645833,33.1041,34.5818,20.0426
16,20,Female,Right,63,72,1440P,Index,0.534164,0.798035,0.251273,0.724881,28.3698,46.0357,29.5843
16,20,Female,Right,63,72,720P,Index,0.602083,0.742628,0.349119,0.765278,33.2337,40.9776,21.3068
16,20,Female,Right,63,72,1440P,Index,0.458437,0.776803,0.279895,0.676543,31.6012,42.9659,34.3936
16,20,Female,Right,63,72,720P,Index,0.597336,0.724807,0.419135,0.739117,39.8987,39.5767,21.561
16,20,Female,Right,63,72,1440P,Index,0.461002,0.79866,0.303953,0.694953,34.3175,44.1351,34.2307
16,20,Female,Right,63,72,720P,Index,0.532765,0.708987,0.341386,0.718307,32.4976,38.4625,25.0186
16,20,Female,Right,63,72,1440P,Index,0.494995,0.779023,0.305234,0.665773,34.4622,42.2819,32.0718
16,20,Female,Right,63,72,720P,Index,0.636653,0.725507,0.333361,0.676083,31.7336,36.2016,19.4558
16,20,Female,Right,63,72,1440P,Index,0.507968,0.816686,0.288152,0.709648,32.5336,45.0683,31.248
