id,scale,size,algorithm,top1,top2,top3,top4,top5,top6,top7,top8,top9,top10,top11,top12
1,1x1,0.75,SHARK2,0.616667,0.716667,0.783333,0.833333,0.85,0.866667,0.883333,0.916667,0.916667,0.95,0.966667,0.966667
1,1x1,0.75,DTW,0.766667,0.883333,0.9,0.9,0.916667,0.916667,0.95,0.95,0.95,0.95,0.966667,0.983333
1,1x1,0.75,SHARK2*freq,0.75,0.783333,0.85,0.866667,0.866667,0.916667,0.933333,0.933333,0.966667,0.966667,0.983333,0.983333
1,1x1,0.75,DTW*freq,0.75,0.833333,0.916667,0.95,0.95,0.966667,0.983333,0.983333,1,1,1,1
1,1x1,0.75,SHARK2(cut),0.6,0.716667,0.783333,0.816667,0.85,0.866667,0.883333,0.916667,0.933333,0.95,0.95,0.95
1,1x1,0.75,DTW(cut),0.733333,0.85,0.866667,0.883333,0.9,0.9,0.933333,0.933333,0.933333,0.933333,0.95,0.966667
1,1x1,1.0,SHARK2,0.555556,0.648148,0.685185,0.703704,0.703704,0.722222,0.759259,0.759259,0.759259,0.777778,0.833333,0.833333
1,1x1,1.0,DTW,0.685185,0.777778,0.777778,0.814815,0.833333,0.833333,0.833333,0.833333,0.833333,0.87037,0.87037,0.888889
1,1x1,1.0,SHARK2*freq,0.611111,0.722222,0.796296,0.833333,0.833333,0.833333,0.851852,0.851852,0.851852,0.87037,0.87037,0.87037
1,1x1,1.0,DTW*freq,0.722222,0.87037,0.907407,0.925926,0.944444,0.944444,0.944444,0.944444,0.944444,0.962963,0.962963,0.962963
1,1x1,1.0,SHARK2(cut),0.537037,0.62963,0.666667,0.685185,0.685185,0.703704,0.740741,0.740741,0.740741,0.759259,0.814815,0.814815
1,1x1,1.0,DTW(cut),0.666667,0.759259,0.759259,0.796296,0.814815,0.814815,0.814815,0.814815,0.814815,0.851852,0.851852,0.87037
1,1x1,1.25,SHARK2,0.363636,0.454545,0.563636,0.636364,0.654545,0.654545,0.672727,0.709091,0.745455,0.745455,0.781818,0.781818
1,1x1,1.25,DTW,0.454545,0.636364,0.727273,0.818182,0.854545,0.872727,0.890909,0.890909,0.909091,0.909091,0.909091,0.927273
1,1x1,1.25,SHARK2*freq,0.563636,0.618182,0.672727,0.709091,0.727273,0.763636,0.781818,0.818182,0.854545,0.872727,0.890909,0.909091
1,1x1,1.25,DTW*freq,0.709091,0.836364,0.872727,0.890909,0.927273,0.945455,0.945455,0.945455,0.945455,0.945455,0.945455,0.963636
1,1x1,1.25,SHARK2(cut),0.363636,0.454545,0.563636,0.636364,0.636364,0.636364,0.654545,0.709091,0.745455,0.745455,0.781818,0.781818
1,1x1,1.25,DTW(cut),0.454545,0.636364,0.727273,0.818182,0.854545,0.872727,0.890909,0.890909,0.909091,0.909091,0.909091,0.927273
1,1x3,0.75,SHARK2,0.542373,0.677966,0.779661,0.813559,0.864407,0.881356,0.898305,0.898305,0.932203,0.949153,0.949153,0.949153
1,1x3,0.75,DTW,0.559322,0.711864,0.728814,0.779661,0.830508,0.830508,0.881356,0.881356,0.881356,0.915254,0.932203,0.932203
1,1x3,0.75,SHARK2*freq,0.677966,0.79661,0.847458,0.881356,0.881356,0.898305,0.915254,0.915254,0.932203,0.949153,0.949153,0.966102
1,1x3,0.75,DTW*freq,0.711864,0.830508,0.847458,0.864407,0.881356,0.915254,0.932203,0.932203,0.949153,0.949153,0.949153,0.949153
1,1x3,0.75,SHARK2(cut),0.491525,0.644068,0.762712,0.79661,0.847458,0.864407,0.881356,0.881356,0.915254,0.932203,0.932203,0.932203
1,1x3,0.75,DTW(cut),0.542373,0.694915,0.711864,0.762712,0.813559,0.813559,0.864407,0.864407,0.864407,0.898305,0.915254,0.915254
1,1x3,1.0,SHARK2,0.661017,0.79661,0.864407,0.881356,0.898305,0.898305,0.915254,0.932203,0.949153,0.949153,0.966102,0.966102
1,1x3,1.0,DTW,0.711864,0.79661,0.813559,0.830508,0.847458,0.847458,0.847458,0.898305,0.898305,0.898305,0.898305,0.898305
1,1x3,1.0,SHARK2*freq,0.779661,0.847458,0.898305,0.932203,0.932203,0.949153,0.949153,0.983051,0.983051,0.983051,0.983051,0.983051
1,1x3,1.0,DTW*freq,0.779661,0.864407,0.881356,0.881356,0.881356,0.898305,0.898305,0.915254,0.932203,0.932203,0.949153,0.949153
1,1x3,1.0,SHARK2(cut),0.661017,0.79661,0.864407,0.881356,0.898305,0.898305,0.915254,0.932203,0.949153,0.949153,0.966102,0.966102
1,1x3,1.0,DTW(cut),0.711864,0.79661,0.813559,0.830508,0.847458,0.847458,0.847458,0.898305,0.898305,0.898305,0.898305,0.898305
1,1x3,1.25,SHARK2,0.627451,0.784314,0.843137,0.862745,0.882353,0.882353,0.882353,0.882353,0.882353,0.882353,0.901961,0.901961
1,1x3,1.25,DTW,0.686275,0.764706,0.784314,0.823529,0.843137,0.843137,0.862745,0.882353,0.901961,0.901961,0.921569,0.921569
1,1x3,1.25,SHARK2*freq,0.72549,0.803922,0.862745,0.862745,0.882353,0.882353,0.882353,0.882353,0.882353,0.901961,0.921569,0.921569
1,1x3,1.25,DTW*freq,0.764706,0.803922,0.843137,0.862745,0.882353,0.882353,0.901961,0.901961,0.901961,0.901961,0.921569,0.921569
1,1x3,1.25,SHARK2(cut),0.627451,0.784314,0.843137,0.862745,0.882353,0.882353,0.882353,0.882353,0.882353,0.882353,0.901961,0.901961
1,1x3,1.25,DTW(cut),0.686275,0.764706,0.784314,0.823529,0.843137,0.843137,0.862745,0.882353,0.901961,0.901961,0.921569,0.921569
2,1x1,0.75,SHARK2,0.392857,0.517857,0.607143,0.642857,0.696429,0.714286,0.75,0.803571,0.803571,0.803571,0.803571,0.821429
2,1x1,0.75,DTW,0.589286,0.696429,0.75,0.892857,0.910714,0.946429,0.946429,0.946429,0.946429,0.964286,0.964286,0.964286
2,1x1,0.75,SHARK2*freq,0.571429,0.696429,0.767857,0.821429,0.821429,0.839286,0.839286,0.839286,0.839286,0.839286,0.857143,0.857143
2,1x1,0.75,DTW*freq,0.75,0.892857,0.910714,0.910714,0.928571,0.946429,0.964286,0.982143,0.982143,0.982143,0.982143,0.982143
2,1x1,0.75,SHARK2(cut),0.375,0.5,0.553571,0.589286,0.678571,0.696429,0.714286,0.767857,0.767857,0.785714,0.785714,0.803571
2,1x1,0.75,DTW(cut),0.553571,0.696429,0.75,0.857143,0.892857,0.946429,0.946429,0.946429,0.946429,0.964286,0.964286,0.964286
2,1x1,1.0,SHARK2,0.54386,0.649123,0.701754,0.719298,0.719298,0.719298,0.736842,0.77193,0.77193,0.77193,0.789474,0.807018
2,1x1,1.0,DTW,0.649123,0.754386,0.807018,0.842105,0.894737,0.912281,0.929825,0.947368,0.947368,0.964912,0.964912,0.964912
2,1x1,1.0,SHARK2*freq,0.578947,0.684211,0.754386,0.807018,0.824561,0.842105,0.842105,0.842105,0.859649,0.877193,0.877193,0.877193
2,1x1,1.0,DTW*freq,0.736842,0.842105,0.894737,0.912281,0.912281,0.912281,0.929825,0.929825,0.929825,0.929825,0.947368,0.964912
2,1x1,1.0,SHARK2(cut),0.491228,0.578947,0.614035,0.649123,0.666667,0.666667,0.684211,0.736842,0.754386,0.754386,0.789474,0.807018
2,1x1,1.0,DTW(cut),0.614035,0.736842,0.789474,0.842105,0.877193,0.894737,0.912281,0.929825,0.929825,0.947368,0.947368,0.947368
2,1x1,1.25,SHARK2,0.482143,0.607143,0.678571,0.75,0.803571,0.821429,0.839286,0.875,0.875,0.875,0.892857,0.892857
2,1x1,1.25,DTW,0.535714,0.696429,0.821429,0.839286,0.857143,0.875,0.875,0.910714,0.910714,0.910714,0.910714,0.928571
2,1x1,1.25,SHARK2*freq,0.607143,0.75,0.803571,0.839286,0.910714,0.910714,0.910714,0.910714,0.928571,0.928571,0.928571,0.928571
2,1x1,1.25,DTW*freq,0.625,0.803571,0.875,0.892857,0.910714,0.928571,0.946429,0.946429,0.946429,0.946429,0.946429,0.964286
2,1x1,1.25,SHARK2(cut),0.482143,0.589286,0.660714,0.732143,0.785714,0.785714,0.803571,0.839286,0.839286,0.839286,0.857143,0.857143
2,1x1,1.25,DTW(cut),0.517857,0.696429,0.803571,0.821429,0.839286,0.857143,0.857143,0.875,0.875,0.875,0.892857,0.892857
2,1x3,0.75,SHARK2,0.535714,0.678571,0.732143,0.785714,0.821429,0.875,0.875,0.875,0.875,0.892857,0.892857,0.892857
2,1x3,0.75,DTW,0.5,0.714286,0.803571,0.803571,0.821429,0.857143,0.875,0.875,0.892857,0.928571,0.928571,0.928571
2,1x3,0.75,SHARK2*freq,0.642857,0.75,0.839286,0.875,0.892857,0.892857,0.892857,0.910714,0.910714,0.910714,0.910714,0.910714
2,1x3,0.75,DTW*freq,0.678571,0.821429,0.875,0.875,0.892857,0.910714,0.910714,0.910714,0.910714,0.910714,0.910714,0.910714
2,1x3,0.75,SHARK2(cut),0.517857,0.625,0.75,0.785714,0.821429,0.875,0.875,0.875,0.875,0.875,0.875,0.875
2,1x3,0.75,DTW(cut),0.5,0.696429,0.785714,0.785714,0.803571,0.839286,0.857143,0.857143,0.892857,0.928571,0.928571,0.928571
2,1x3,1.0,SHARK2,0.666667,0.877193,0.877193,0.877193,0.894737,0.894737,0.912281,0.912281,0.912281,0.912281,0.912281,0.929825
2,1x3,1.0,DTW,0.754386,0.859649,0.912281,0.964912,0.964912,0.964912,0.982456,0.982456,0.982456,0.982456,0.982456,0.982456
2,1x3,1.0,SHARK2*freq,0.719298,0.894737,0.894737,0.912281,0.912281,0.912281,0.912281,0.912281,0.912281,0.912281,0.912281,0.912281
2,1x3,1.0,DTW*freq,0.877193,0.912281,0.929825,0.964912,0.964912,0.964912,0.982456,0.982456,0.982456,0.982456,0.982456,0.982456
2,1x3,1.0,SHARK2(cut),0.684211,0.842105,0.842105,0.859649,0.877193,0.877193,0.894737,0.894737,0.894737,0.894737,0.894737,0.912281
2,1x3,1.0,DTW(cut),0.77193,0.842105,0.894737,0.947368,0.947368,0.947368,0.964912,0.964912,0.964912,0.964912,0.982456,0.982456
2,1x3,1.25,SHARK2,0.517857,0.696429,0.75,0.839286,0.875,0.910714,0.928571,0.928571,0.928571,0.928571,0.928571,0.928571
2,1x3,1.25,DTW,0.607143,0.75,0.839286,0.875,0.892857,0.910714,0.910714,0.910714,0.910714,0.910714,0.928571,0.928571
2,1x3,1.25,SHARK2*freq,0.642857,0.821429,0.857143,0.892857,0.910714,0.928571,0.928571,0.928571,0.928571,0.928571,0.928571,0.928571
2,1x3,1.25,DTW*freq,0.714286,0.803571,0.892857,0.910714,0.928571,0.928571,0.928571,0.928571,0.928571,0.928571,0.946429,0.946429
2,1x3,1.25,SHARK2(cut),0.535714,0.714286,0.767857,0.839286,0.875,0.910714,0.928571,0.928571,0.928571,0.928571,0.928571,0.928571
2,1x3,1.25,DTW(cut),0.607143,0.75,0.839286,0.875,0.892857,0.910714,0.910714,0.910714,0.910714,0.910714,0.928571,0.928571
3,1x1,0.75,SHARK2,0.137931,0.224138,0.310345,0.344828,0.413793,0.431034,0.431034,0.482759,0.482759,0.517241,0.517241,0.517241
3,1x1,0.75,DTW,0.362069,0.482759,0.517241,0.586207,0.586207,0.672414,0.689655,0.689655,0.724138,0.741379,0.741379,0.758621
3,1x1,0.75,SHARK2*freq,0.275862,0.396552,0.448276,0.482759,0.5,0.517241,0.517241,0.517241,0.517241,0.568966,0.603448,0.603448
3,1x1,0.75,DTW*freq,0.603448,0.655172,0.706897,0.758621,0.775862,0.793103,0.810345,0.810345,0.827586,0.844828,0.844828,0.87931
3,1x1,0.75,SHARK2(cut),0.275862,0.396552,0.465517,0.517241,0.551724,0.551724,0.551724,0.568966,0.586207,0.603448,0.62069,0.62069
3,1x1,0.75,DTW(cut),0.517241,0.603448,0.603448,0.689655,0.706897,0.775862,0.775862,0.775862,0.810345,0.810345,0.810345,0.827586
3,1x1,1.0,SHARK2,0.4,0.472727,0.509091,0.618182,0.636364,0.654545,0.654545,0.690909,0.727273,0.745455,0.745455,0.763636
3,1x1,1.0,DTW,0.6,0.745455,0.745455,0.763636,0.836364,0.836364,0.872727,0.872727,0.872727,0.890909,0.890909,0.890909
3,1x1,1.0,SHARK2*freq,0.545455,0.6,0.654545,0.709091,0.745455,0.763636,0.8,0.8,0.8,0.818182,0.836364,0.854545
3,1x1,1.0,DTW*freq,0.763636,0.854545,0.854545,0.872727,0.890909,0.890909,0.890909,0.890909,0.909091,0.909091,0.927273,0.927273
3,1x1,1.0,SHARK2(cut),0.454545,0.490909,0.545455,0.636364,0.654545,0.672727,0.672727,0.709091,0.745455,0.763636,0.763636,0.763636
3,1x1,1.0,DTW(cut),0.6,0.745455,0.763636,0.763636,0.854545,0.854545,0.872727,0.872727,0.872727,0.890909,0.890909,0.909091
3,1x1,1.25,SHARK2,0.25,0.357143,0.446429,0.5,0.535714,0.589286,0.607143,0.642857,0.642857,0.642857,0.660714,0.660714
3,1x1,1.25,DTW,0.517857,0.625,0.678571,0.732143,0.767857,0.767857,0.767857,0.785714,0.803571,0.803571,0.803571,0.821429
3,1x1,1.25,SHARK2*freq,0.357143,0.5,0.571429,0.625,0.660714,0.696429,0.714286,0.732143,0.75,0.785714,0.785714,0.803571
3,1x1,1.25,DTW*freq,0.660714,0.785714,0.857143,0.875,0.875,0.875,0.875,0.892857,0.892857,0.910714,0.910714,0.910714
3,1x1,1.25,SHARK2(cut),0.25,0.357143,0.464286,0.517857,0.535714,0.589286,0.625,0.660714,0.660714,0.660714,0.678571,0.678571
3,1x1,1.25,DTW(cut),0.517857,0.642857,0.696429,0.732143,0.767857,0.767857,0.767857,0.785714,0.803571,0.803571,0.803571,0.821429
3,1x3,0.75,SHARK2,0.241379,0.37931,0.517241,0.568966,0.586207,0.603448,0.655172,0.655172,0.672414,0.689655,0.706897,0.741379
3,1x3,0.75,DTW,0.448276,0.568966,0.655172,0.741379,0.775862,0.827586,0.844828,0.862069,0.896552,0.931034,0.931034,0.948276
3,1x3,0.75,SHARK2*freq,0.362069,0.517241,0.586207,0.603448,0.62069,0.706897,0.706897,0.724138,0.741379,0.775862,0.775862,0.775862
3,1x3,0.75,DTW*freq,0.586207,0.706897,0.793103,0.844828,0.862069,0.896552,0.913793,0.931034,0.931034,0.965517,0.965517,0.965517
3,1x3,0.75,SHARK2(cut),0.293103,0.413793,0.534483,0.586207,0.62069,0.655172,0.689655,0.689655,0.706897,0.724138,0.741379,0.793103
3,1x3,0.75,DTW(cut),0.448276,0.551724,0.689655,0.741379,0.775862,0.827586,0.862069,0.87931,0.896552,0.931034,0.931034,0.948276
3,1x3,1.0,SHARK2,0.4,0.454545,0.527273,0.618182,0.636364,0.690909,0.727273,0.745455,0.763636,0.763636,0.818182,0.818182
3,1x3,1.0,DTW,0.509091,0.672727,0.745455,0.781818,0.781818,0.818182,0.836364,0.872727,0.872727,0.872727,0.890909,0.890909
3,1x3,1.0,SHARK2*freq,0.436364,0.490909,0.545455,0.654545,0.690909,0.763636,0.763636,0.781818,0.8,0.8,0.818182,0.818182
3,1x3,1.0,DTW*freq,0.636364,0.745455,0.854545,0.854545,0.854545,0.872727,0.872727,0.909091,0.909091,0.909091,0.909091,0.909091
3,1x3,1.0,SHARK2(cut),0.436364,0.490909,0.581818,0.654545,0.672727,0.727273,0.745455,0.763636,0.781818,0.781818,0.8,0.8
3,1x3,1.0,DTW(cut),0.509091,0.672727,0.745455,0.8,0.8,0.818182,0.836364,0.890909,0.890909,0.890909,0.890909,0.890909
3,1x3,1.25,SHARK2,0.339286,0.553571,0.660714,0.714286,0.75,0.767857,0.767857,0.821429,0.821429,0.839286,0.875,0.910714
3,1x3,1.25,DTW,0.553571,0.714286,0.857143,0.910714,0.928571,0.928571,0.928571,0.946429,0.982143,0.982143,1,1
3,1x3,1.25,SHARK2*freq,0.464286,0.714286,0.75,0.767857,0.767857,0.803571,0.803571,0.839286,0.857143,0.892857,0.910714,0.910714
3,1x3,1.25,DTW*freq,0.696429,0.857143,0.928571,0.946429,0.946429,0.946429,0.946429,0.946429,0.982143,0.982143,0.982143,0.982143
3,1x3,1.25,SHARK2(cut),0.357143,0.571429,0.678571,0.732143,0.767857,0.767857,0.767857,0.821429,0.821429,0.839286,0.857143,0.892857
3,1x3,1.25,DTW(cut),0.571429,0.714286,0.857143,0.910714,0.928571,0.928571,0.928571,0.946429,0.982143,0.982143,1,1
4,1x1,0.75,SHARK2,0.596491,0.701754,0.754386,0.77193,0.842105,0.842105,0.859649,0.877193,0.877193,0.877193,0.877193,0.877193
4,1x1,0.75,DTW,0.684211,0.824561,0.842105,0.859649,0.894737,0.894737,0.894737,0.912281,0.912281,0.929825,0.947368,0.947368
4,1x1,0.75,SHARK2*freq,0.754386,0.807018,0.842105,0.912281,0.929825,0.929825,0.929825,0.929825,0.929825,0.947368,0.947368,0.947368
4,1x1,0.75,DTW*freq,0.859649,0.912281,0.912281,0.929825,0.929825,0.929825,0.929825,0.929825,0.964912,0.964912,0.964912,0.964912
4,1x1,0.75,SHARK2(cut),0.614035,0.701754,0.736842,0.754386,0.824561,0.824561,0.842105,0.842105,0.842105,0.842105,0.842105,0.842105
4,1x1,0.75,DTW(cut),0.666667,0.77193,0.789474,0.807018,0.859649,0.859649,0.859649,0.877193,0.877193,0.894737,0.912281,0.912281
4,1x1,1.0,SHARK2,0.551724,0.689655,0.810345,0.827586,0.827586,0.827586,0.844828,0.844828,0.844828,0.844828,0.844828,0.87931
4,1x1,1.0,DTW,0.672414,0.810345,0.844828,0.87931,0.896552,0.896552,0.896552,0.913793,0.931034,0.931034,0.931034,0.931034
4,1x1,1.0,SHARK2*freq,0.689655,0.793103,0.827586,0.827586,0.862069,0.862069,0.87931,0.87931,0.87931,0.896552,0.913793,0.913793
4,1x1,1.0,DTW*freq,0.758621,0.844828,0.862069,0.87931,0.913793,0.931034,0.948276,0.948276,0.948276,0.948276,0.948276,0.948276
4,1x1,1.0,SHARK2(cut),0.568966,0.706897,0.827586,0.844828,0.844828,0.844828,0.862069,0.862069,0.862069,0.862069,0.862069,0.896552
4,1x1,1.0,DTW(cut),0.655172,0.810345,0.844828,0.87931,0.896552,0.896552,0.896552,0.913793,0.931034,0.931034,0.931034,0.931034
4,1x1,1.25,SHARK2,0.518519,0.611111,0.685185,0.740741,0.777778,0.796296,0.796296,0.851852,0.87037,0.907407,0.907407,0.907407
4,1x1,1.25,DTW,0.740741,0.833333,0.851852,0.87037,0.87037,0.87037,0.87037,0.87037,0.907407,0.925926,0.925926,0.944444
4,1x1,1.25,SHARK2*freq,0.666667,0.796296,0.851852,0.944444,0.962963,0.962963,0.962963,0.962963,0.962963,0.981481,0.981481,0.981481
4,1x1,1.25,DTW*freq,0.759259,0.907407,0.944444,0.944444,0.962963,0.962963,0.962963,0.981481,0.981481,0.981481,0.981481,0.981481
4,1x1,1.25,SHARK2(cut),0.518519,0.611111,0.685185,0.740741,0.777778,0.796296,0.796296,0.851852,0.87037,0.907407,0.907407,0.907407
4,1x1,1.25,DTW(cut),0.740741,0.833333,0.851852,0.87037,0.87037,0.87037,0.87037,0.87037,0.907407,0.925926,0.925926,0.944444
4,1x3,0.75,SHARK2,0.666667,0.789474,0.842105,0.929825,0.964912,0.964912,0.982456,0.982456,0.982456,0.982456,0.982456,0.982456
4,1x3,0.75,DTW,0.684211,0.754386,0.824561,0.894737,0.929825,0.929825,0.929825,0.964912,0.964912,0.964912,0.964912,0.964912
4,1x3,0.75,SHARK2*freq,0.719298,0.842105,0.912281,0.947368,0.964912,0.964912,0.982456,0.982456,0.982456,0.982456,0.982456,0.982456
4,1x3,0.75,DTW*freq,0.894737,0.894737,0.929825,0.947368,0.964912,0.964912,0.964912,0.964912,0.982456,0.982456,0.982456,0.982456
4,1x3,0.75,SHARK2(cut),0.649123,0.754386,0.842105,0.912281,0.947368,0.964912,0.982456,0.982456,0.982456,0.982456,0.982456,0.982456
4,1x3,0.75,DTW(cut),0.701754,0.754386,0.824561,0.894737,0.929825,0.929825,0.929825,0.964912,0.964912,0.964912,0.964912,0.964912
4,1x3,1.0,SHARK2,0.637931,0.87931,0.896552,0.948276,0.965517,0.965517,0.965517,0.965517,0.965517,0.965517,0.965517,0.965517
4,1x3,1.0,DTW,0.706897,0.793103,0.827586,0.896552,0.931034,0.965517,0.965517,0.965517,0.965517,0.965517,0.965517,0.965517
4,1x3,1.0,SHARK2*freq,0.862069,0.931034,0.948276,0.965517,0.965517,0.965517,0.965517,0.965517,0.965517,0.965517,0.965517,0.965517
4,1x3,1.0,DTW*freq,0.775862,0.87931,0.931034,0.948276,0.948276,0.965517,0.965517,0.965517,0.965517,0.965517,0.965517,0.965517
4,1x3,1.0,SHARK2(cut),0.655172,0.87931,0.896552,0.948276,0.965517,0.965517,0.965517,0.965517,0.965517,0.965517,0.965517,0.965517
4,1x3,1.0,DTW(cut),0.706897,0.793103,0.827586,0.896552,0.931034,0.965517,0.965517,0.965517,0.965517,0.965517,0.965517,0.965517
4,1x3,1.25,SHARK2,0.685185,0.833333,0.907407,0.907407,0.907407,0.907407,0.925926,0.944444,0.944444,0.962963,0.962963,0.962963
4,1x3,1.25,DTW,0.759259,0.833333,0.87037,0.907407,0.925926,0.925926,0.925926,0.944444,0.944444,0.944444,0.962963,0.962963
4,1x3,1.25,SHARK2*freq,0.759259,0.925926,0.925926,0.925926,0.944444,0.944444,0.944444,0.962963,0.962963,0.962963,0.962963,0.962963
4,1x3,1.25,DTW*freq,0.833333,0.944444,0.962963,0.962963,0.962963,0.962963,0.962963,0.962963,0.962963,0.981481,0.981481,0.981481
4,1x3,1.25,SHARK2(cut),0.685185,0.833333,0.907407,0.907407,0.907407,0.907407,0.925926,0.944444,0.944444,0.962963,0.962963,0.962963
4,1x3,1.25,DTW(cut),0.759259,0.833333,0.87037,0.907407,0.925926,0.925926,0.925926,0.944444,0.944444,0.944444,0.962963,0.962963
5,1x1,0.75,SHARK2,0.368421,0.54386,0.561404,0.596491,0.614035,0.649123,0.666667,0.684211,0.684211,0.684211,0.701754,0.719298
5,1x1,0.75,DTW,0.385965,0.491228,0.614035,0.666667,0.666667,0.684211,0.684211,0.684211,0.719298,0.736842,0.77193,0.77193
5,1x1,0.75,SHARK2*freq,0.526316,0.561404,0.649123,0.666667,0.684211,0.701754,0.701754,0.719298,0.719298,0.736842,0.789474,0.807018
5,1x1,0.75,DTW*freq,0.631579,0.649123,0.701754,0.719298,0.719298,0.754386,0.77193,0.77193,0.789474,0.789474,0.789474,0.824561
5,1x1,0.75,SHARK2(cut),0.368421,0.508772,0.561404,0.561404,0.596491,0.631579,0.649123,0.649123,0.666667,0.666667,0.684211,0.719298
5,1x1,0.75,DTW(cut),0.350877,0.438596,0.54386,0.596491,0.666667,0.684211,0.684211,0.684211,0.701754,0.701754,0.719298,0.719298
5,1x1,1.0,SHARK2,0.5,0.568966,0.672414,0.741379,0.741379,0.758621,0.775862,0.793103,0.793103,0.810345,0.827586,0.827586
5,1x1,1.0,DTW,0.603448,0.672414,0.706897,0.758621,0.775862,0.793103,0.810345,0.862069,0.87931,0.896552,0.913793,0.913793
5,1x1,1.0,SHARK2*freq,0.62069,0.706897,0.775862,0.775862,0.793103,0.810345,0.844828,0.844828,0.862069,0.862069,0.862069,0.862069
5,1x1,1.0,DTW*freq,0.637931,0.810345,0.827586,0.87931,0.913793,0.913793,0.913793,0.913793,0.948276,0.948276,0.948276,0.948276
5,1x1,1.0,SHARK2(cut),0.5,0.568966,0.672414,0.758621,0.758621,0.775862,0.775862,0.793103,0.793103,0.810345,0.810345,0.810345
5,1x1,1.0,DTW(cut),0.586207,0.655172,0.689655,0.741379,0.758621,0.793103,0.810345,0.862069,0.87931,0.896552,0.896552,0.896552
5,1x1,1.25,SHARK2,0.481481,0.685185,0.722222,0.740741,0.777778,0.777778,0.814815,0.833333,0.833333,0.833333,0.833333,0.87037
5,1x1,1.25,DTW,0.648148,0.740741,0.851852,0.87037,0.87037,0.87037,0.944444,0.944444,0.944444,0.962963,0.962963,0.962963
5,1x1,1.25,SHARK2*freq,0.722222,0.814815,0.833333,0.851852,0.87037,0.907407,0.925926,0.944444,0.944444,0.944444,0.944444,0.944444
5,1x1,1.25,DTW*freq,0.703704,0.796296,0.888889,0.925926,0.944444,0.944444,0.962963,0.962963,0.962963,0.962963,0.962963,0.981481
5,1x1,1.25,SHARK2(cut),0.518519,0.703704,0.759259,0.777778,0.814815,0.814815,0.851852,0.87037,0.87037,0.87037,0.87037,0.888889
5,1x1,1.25,DTW(cut),0.611111,0.722222,0.814815,0.814815,0.833333,0.833333,0.907407,0.907407,0.907407,0.925926,0.925926,0.925926
5,1x3,0.75,SHARK2,0.448276,0.603448,0.706897,0.775862,0.775862,0.793103,0.827586,0.827586,0.844828,0.862069,0.862069,0.87931
5,1x3,0.75,DTW,0.551724,0.655172,0.775862,0.827586,0.862069,0.862069,0.87931,0.87931,0.87931,0.896552,0.896552,0.896552
5,1x3,0.75,SHARK2*freq,0.5,0.706897,0.741379,0.775862,0.844828,0.844828,0.844828,0.844828,0.844828,0.844828,0.862069,0.862069
5,1x3,0.75,DTW*freq,0.706897,0.827586,0.862069,0.87931,0.87931,0.896552,0.896552,0.896552,0.896552,0.896552,0.913793,0.913793
5,1x3,0.75,SHARK2(cut),0.465517,0.62069,0.689655,0.758621,0.758621,0.793103,0.827586,0.827586,0.844828,0.862069,0.862069,0.87931
5,1x3,0.75,DTW(cut),0.568966,0.655172,0.758621,0.810345,0.844828,0.862069,0.87931,0.87931,0.87931,0.896552,0.896552,0.896552
5,1x3,1.0,SHARK2,0.563636,0.727273,0.781818,0.818182,0.854545,0.872727,0.872727,0.890909,0.890909,0.890909,0.909091,0.945455
5,1x3,1.0,DTW,0.654545,0.781818,0.836364,0.854545,0.854545,0.854545,0.872727,0.872727,0.890909,0.890909,0.890909,0.909091
5,1x3,1.0,SHARK2*freq,0.636364,0.818182,0.818182,0.872727,0.890909,0.890909,0.890909,0.890909,0.909091,0.909091,0.945455,0.945455
5,1x3,1.0,DTW*freq,0.781818,0.854545,0.854545,0.854545,0.890909,0.890909,0.909091,0.909091,0.909091,0.909091,0.909091,0.909091
5,1x3,1.0,SHARK2(cut),0.563636,0.727273,0.781818,0.818182,0.854545,0.872727,0.872727,0.890909,0.890909,0.890909,0.909091,0.945455
5,1x3,1.0,DTW(cut),0.654545,0.781818,0.836364,0.854545,0.854545,0.854545,0.872727,0.872727,0.890909,0.890909,0.890909,0.909091
5,1x3,1.25,SHARK2,0.571429,0.696429,0.821429,0.839286,0.839286,0.892857,0.928571,0.928571,0.928571,0.928571,0.928571,0.928571
5,1x3,1.25,DTW,0.607143,0.75,0.821429,0.857143,0.857143,0.875,0.910714,0.946429,0.946429,0.946429,0.946429,0.964286
5,1x3,1.25,SHARK2*freq,0.642857,0.803571,0.857143,0.875,0.892857,0.892857,0.928571,0.928571,0.928571,0.928571,0.928571,0.928571
5,1x3,1.25,DTW*freq,0.767857,0.821429,0.821429,0.875,0.892857,0.946429,0.946429,0.946429,0.982143,0.982143,0.982143,0.982143
5,1x3,1.25,SHARK2(cut),0.571429,0.696429,0.821429,0.839286,0.839286,0.892857,0.928571,0.928571,0.928571,0.928571,0.928571,0.928571
5,1x3,1.25,DTW(cut),0.607143,0.75,0.821429,0.857143,0.857143,0.875,0.910714,0.946429,0.946429,0.946429,0.946429,0.964286
6,1x1,0.75,SHARK2,0.321429,0.392857,0.464286,0.482143,0.482143,0.482143,0.535714,0.553571,0.571429,0.571429,0.607143,0.607143
6,1x1,0.75,DTW,0.482143,0.5,0.571429,0.660714,0.714286,0.75,0.767857,0.767857,0.767857,0.767857,0.785714,0.821429
6,1x1,0.75,SHARK2*freq,0.392857,0.464286,0.5,0.553571,0.589286,0.607143,0.607143,0.625,0.625,0.642857,0.642857,0.660714
6,1x1,0.75,DTW*freq,0.517857,0.625,0.678571,0.732143,0.767857,0.785714,0.839286,0.839286,0.839286,0.875,0.892857,0.892857
6,1x1,0.75,SHARK2(cut),0.267857,0.375,0.428571,0.482143,0.517857,0.517857,0.535714,0.535714,0.571429,0.571429,0.607143,0.607143
6,1x1,0.75,DTW(cut),0.410714,0.482143,0.553571,0.571429,0.625,0.642857,0.660714,0.678571,0.696429,0.732143,0.75,0.767857
6,1x1,1.0,SHARK2,0.392857,0.464286,0.607143,0.642857,0.696429,0.75,0.785714,0.821429,0.839286,0.839286,0.839286,0.857143
6,1x1,1.0,DTW,0.553571,0.678571,0.75,0.803571,0.839286,0.857143,0.857143,0.892857,0.892857,0.892857,0.892857,0.910714
6,1x1,1.0,SHARK2*freq,0.535714,0.678571,0.785714,0.803571,0.803571,0.821429,0.821429,0.857143,0.875,0.875,0.892857,0.892857
6,1x1,1.0,DTW*freq,0.678571,0.803571,0.875,0.875,0.875,0.910714,0.910714,0.928571,0.928571,0.928571,0.946429,0.964286
6,1x1,1.0,SHARK2(cut),0.375,0.428571,0.517857,0.553571,0.625,0.696429,0.732143,0.767857,0.785714,0.785714,0.785714,0.785714
6,1x1,1.0,DTW(cut),0.517857,0.625,0.696429,0.767857,0.821429,0.857143,0.857143,0.892857,0.892857,0.892857,0.892857,0.910714
6,1x1,1.25,SHARK2,0.3125,0.421875,0.546875,0.578125,0.578125,0.625,0.625,0.625,0.671875,0.703125,0.71875,0.734375
6,1x1,1.25,DTW,0.40625,0.53125,0.609375,0.671875,0.703125,0.75,0.796875,0.796875,0.796875,0.8125,0.84375,0.84375
6,1x1,1.25,SHARK2*freq,0.4375,0.578125,0.640625,0.6875,0.71875,0.734375,0.75,0.765625,0.78125,0.78125,0.796875,0.8125
6,1x1,1.25,DTW*freq,0.59375,0.734375,0.765625,0.78125,0.8125,0.859375,0.875,0.890625,0.90625,0.9375,0.9375,0.953125
6,1x1,1.25,SHARK2(cut),0.3125,0.4375,0.53125,0.5625,0.5625,0.625,0.625,0.65625,0.703125,0.734375,0.75,0.765625
6,1x1,1.25,DTW(cut),0.421875,0.53125,0.625,0.6875,0.703125,0.75,0.796875,0.796875,0.796875,0.796875,0.828125,0.828125
6,1x3,0.75,SHARK2,0.482143,0.589286,0.642857,0.732143,0.785714,0.839286,0.857143,0.857143,0.857143,0.875,0.875,0.892857
6,1x3,0.75,DTW,0.482143,0.642857,0.678571,0.696429,0.767857,0.803571,0.821429,0.821429,0.857143,0.875,0.892857,0.910714
6,1x3,0.75,SHARK2*freq,0.5,0.642857,0.75,0.803571,0.821429,0.857143,0.857143,0.857143,0.857143,0.875,0.892857,0.892857
6,1x3,0.75,DTW*freq,0.571429,0.803571,0.821429,0.821429,0.857143,0.857143,0.857143,0.892857,0.910714,0.910714,0.910714,0.910714
6,1x3,0.75,SHARK2(cut),0.464286,0.589286,0.678571,0.75,0.785714,0.821429,0.839286,0.839286,0.875,0.875,0.875,0.875
6,1x3,0.75,DTW(cut),0.464286,0.660714,0.678571,0.696429,0.767857,0.803571,0.821429,0.821429,0.839286,0.857143,0.875,0.892857
6,1x3,1.0,SHARK2,0.5,0.678571,0.767857,0.821429,0.839286,0.892857,0.892857,0.928571,0.928571,0.928571,0.928571,0.928571
6,1x3,1.0,DTW,0.517857,0.714286,0.821429,0.910714,0.910714,0.910714,0.910714,0.946429,0.946429,0.946429,0.946429,0.946429
6,1x3,1.0,SHARK2*freq,0.607143,0.767857,0.821429,0.875,0.875,0.910714,0.910714,0.928571,0.928571,0.928571,0.928571,0.928571
6,1x3,1.0,DTW*freq,0.75,0.875,0.892857,0.928571,0.928571,0.928571,0.928571,0.946429,0.946429,0.946429,0.946429,0.946429
6,1x3,1.0,SHARK2(cut),0.5,0.678571,0.767857,0.821429,0.839286,0.892857,0.892857,0.928571,0.928571,0.928571,0.928571,0.928571
6,1x3,1.0,DTW(cut),0.517857,0.714286,0.821429,0.910714,0.910714,0.910714,0.910714,0.946429,0.946429,0.946429,0.946429,0.946429
6,1x3,1.25,SHARK2,0.484375,0.6875,0.75,0.765625,0.8125,0.828125,0.859375,0.875,0.875,0.890625,0.890625,0.890625
6,1x3,1.25,DTW,0.53125,0.640625,0.6875,0.71875,0.796875,0.84375,0.875,0.890625,0.890625,0.921875,0.921875,0.921875
6,1x3,1.25,SHARK2*freq,0.5625,0.75,0.796875,0.828125,0.84375,0.875,0.875,0.875,0.90625,0.921875,0.9375,0.9375
6,1x3,1.25,DTW*freq,0.59375,0.71875,0.828125,0.828125,0.859375,0.890625,0.90625,0.921875,0.9375,0.9375,0.953125,0.953125
6,1x3,1.25,SHARK2(cut),0.484375,0.6875,0.75,0.765625,0.8125,0.828125,0.859375,0.875,0.875,0.890625,0.890625,0.890625
6,1x3,1.25,DTW(cut),0.53125,0.640625,0.6875,0.71875,0.796875,0.84375,0.875,0.890625,0.890625,0.921875,0.921875,0.921875
7,1x1,0.75,SHARK2,0.258621,0.310345,0.396552,0.413793,0.431034,0.448276,0.465517,0.482759,0.5,0.517241,0.534483,0.551724
7,1x1,0.75,DTW,0.37931,0.534483,0.62069,0.62069,0.637931,0.655172,0.689655,0.689655,0.724138,0.741379,0.741379,0.758621
7,1x1,0.75,SHARK2*freq,0.362069,0.448276,0.482759,0.534483,0.534483,0.534483,0.534483,0.534483,0.568966,0.586207,0.586207,0.62069
7,1x1,0.75,DTW*freq,0.586207,0.672414,0.689655,0.741379,0.741379,0.775862,0.775862,0.793103,0.810345,0.810345,0.827586,0.844828
7,1x1,0.75,SHARK2(cut),0.258621,0.275862,0.310345,0.362069,0.413793,0.448276,0.465517,0.482759,0.517241,0.534483,0.551724,0.568966
7,1x1,0.75,DTW(cut),0.37931,0.551724,0.655172,0.655172,0.655172,0.655172,0.689655,0.689655,0.724138,0.741379,0.741379,0.758621
7,1x1,1.0,SHARK2,0.293103,0.362069,0.413793,0.465517,0.517241,0.534483,0.551724,0.551724,0.603448,0.637931,0.637931,0.637931
7,1x1,1.0,DTW,0.603448,0.741379,0.827586,0.844828,0.844828,0.844828,0.844828,0.844828,0.844828,0.862069,0.862069,0.87931
7,1x1,1.0,SHARK2*freq,0.344828,0.448276,0.551724,0.603448,0.655172,0.655172,0.689655,0.689655,0.706897,0.724138,0.724138,0.758621
7,1x1,1.0,DTW*freq,0.775862,0.862069,0.896552,0.913793,0.931034,0.931034,0.931034,0.931034,0.931034,0.931034,0.931034,0.931034
7,1x1,1.0,SHARK2(cut),0.327586,0.396552,0.465517,0.517241,0.551724,0.551724,0.568966,0.568966,0.62069,0.637931,0.637931,0.637931
7,1x1,1.0,DTW(cut),0.62069,0.741379,0.827586,0.844828,0.844828,0.844828,0.844828,0.844828,0.844828,0.862069,0.862069,0.87931
7,1x1,1.25,SHARK2,0.516667,0.65,0.716667,0.75,0.75,0.75,0.75,0.8,0.816667,0.866667,0.866667,0.866667
7,1x1,1.25,DTW,0.683333,0.85,0.866667,0.9,0.916667,0.95,0.966667,0.966667,0.966667,0.966667,0.966667,0.966667
7,1x1,1.25,SHARK2*freq,0.616667,0.733333,0.75,0.766667,0.8,0.8,0.8,0.8,0.8,0.816667,0.816667,0.833333
7,1x1,1.25,DTW*freq,0.733333,0.8,0.866667,0.916667,0.933333,0.95,0.95,0.95,0.95,0.95,0.966667,0.966667
7,1x1,1.25,SHARK2(cut),0.516667,0.633333,0.7,0.75,0.75,0.75,0.75,0.8,0.816667,0.866667,0.866667,0.866667
7,1x1,1.25,DTW(cut),0.683333,0.85,0.866667,0.9,0.916667,0.95,0.966667,0.966667,0.966667,0.966667,0.966667,0.966667
7,1x3,0.75,SHARK2,0.431034,0.551724,0.62069,0.637931,0.706897,0.724138,0.724138,0.758621,0.810345,0.810345,0.844828,0.844828
7,1x3,0.75,DTW,0.689655,0.741379,0.775862,0.810345,0.827586,0.827586,0.862069,0.913793,0.913793,0.913793,0.913793,0.948276
7,1x3,0.75,SHARK2*freq,0.517241,0.655172,0.706897,0.775862,0.827586,0.827586,0.827586,0.844828,0.862069,0.87931,0.896552,0.913793
7,1x3,0.75,DTW*freq,0.793103,0.896552,0.913793,0.931034,0.931034,0.931034,0.931034,0.931034,0.948276,0.965517,0.965517,0.982759
7,1x3,0.75,SHARK2(cut),0.431034,0.551724,0.637931,0.655172,0.706897,0.724138,0.724138,0.758621,0.810345,0.810345,0.844828,0.844828
7,1x3,0.75,DTW(cut),0.689655,0.741379,0.793103,0.810345,0.827586,0.827586,0.862069,0.913793,0.913793,0.913793,0.913793,0.948276
7,1x3,1.0,SHARK2,0.37931,0.465517,0.551724,0.603448,0.672414,0.724138,0.724138,0.724138,0.724138,0.741379,0.741379,0.758621
7,1x3,1.0,DTW,0.482759,0.706897,0.775862,0.810345,0.810345,0.827586,0.827586,0.844828,0.844828,0.87931,0.87931,0.87931
7,1x3,1.0,SHARK2*freq,0.482759,0.568966,0.637931,0.655172,0.724138,0.758621,0.775862,0.775862,0.775862,0.793103,0.810345,0.827586
7,1x3,1.0,DTW*freq,0.706897,0.827586,0.827586,0.827586,0.844828,0.844828,0.862069,0.896552,0.913793,0.913793,0.913793,0.913793
7,1x3,1.0,SHARK2(cut),0.37931,0.465517,0.551724,0.603448,0.672414,0.724138,0.724138,0.724138,0.724138,0.741379,0.741379,0.758621
7,1x3,1.0,DTW(cut),0.482759,0.706897,0.775862,0.810345,0.810345,0.827586,0.827586,0.844828,0.844828,0.87931,0.87931,0.87931
7,1x3,1.25,SHARK2,0.283333,0.4,0.433333,0.466667,0.5,0.583333,0.583333,0.6,0.616667,0.616667,0.633333,0.65
7,1x3,1.25,DTW,0.6,0.683333,0.733333,0.766667,0.816667,0.833333,0.866667,0.883333,0.883333,0.883333,0.9,0.916667
7,1x3,1.25,SHARK2*freq,0.366667,0.466667,0.483333,0.516667,0.55,0.6,0.65,0.65,0.65,0.666667,0.666667,0.7
7,1x3,1.25,DTW*freq,0.716667,0.833333,0.85,0.883333,0.9,0.9,0.9,0.9,0.916667,0.916667,0.933333,0.933333
7,1x3,1.25,SHARK2(cut),0.283333,0.4,0.433333,0.466667,0.5,0.583333,0.583333,0.6,0.616667,0.616667,0.633333,0.65
7,1x3,1.25,DTW(cut),0.6,0.683333,0.733333,0.766667,0.816667,0.833333,0.866667,0.883333,0.883333,0.883333,0.9,0.916667
8,1x1,0.75,SHARK2,0.280702,0.385965,0.54386,0.561404,0.561404,0.578947,0.614035,0.614035,0.649123,0.701754,0.701754,0.701754
8,1x1,0.75,DTW,0.526316,0.701754,0.77193,0.789474,0.807018,0.807018,0.807018,0.824561,0.824561,0.842105,0.842105,0.842105
8,1x1,0.75,SHARK2*freq,0.421053,0.54386,0.649123,0.701754,0.736842,0.736842,0.754386,0.754386,0.77193,0.807018,0.807018,0.807018
8,1x1,0.75,DTW*freq,0.631579,0.77193,0.842105,0.877193,0.894737,0.894737,0.929825,0.929825,0.947368,0.947368,0.947368,0.947368
8,1x1,0.75,SHARK2(cut),0.350877,0.45614,0.526316,0.578947,0.578947,0.614035,0.649123,0.666667,0.684211,0.701754,0.701754,0.701754
8,1x1,0.75,DTW(cut),0.508772,0.666667,0.701754,0.736842,0.77193,0.77193,0.789474,0.807018,0.807018,0.824561,0.824561,0.824561
8,1x1,1.0,SHARK2,0.368421,0.45614,0.561404,0.631579,0.631579,0.649123,0.649123,0.666667,0.666667,0.701754,0.719298,0.754386
8,1x1,1.0,DTW,0.508772,0.666667,0.736842,0.77193,0.77193,0.824561,0.842105,0.859649,0.894737,0.894737,0.894737,0.912281
8,1x1,1.0,SHARK2*freq,0.526316,0.561404,0.631579,0.649123,0.701754,0.754386,0.77193,0.77193,0.807018,0.824561,0.824561,0.842105
8,1x1,1.0,DTW*freq,0.684211,0.77193,0.859649,0.929825,0.929825,0.947368,0.964912,0.964912,0.982456,0.982456,0.982456,0.982456
8,1x1,1.0,SHARK2(cut),0.508772,0.614035,0.649123,0.719298,0.719298,0.77193,0.77193,0.789474,0.789474,0.824561,0.824561,0.842105
8,1x1,1.0,DTW(cut),0.561404,0.719298,0.77193,0.77193,0.77193,0.859649,0.877193,0.894737,0.912281,0.912281,0.912281,0.929825
8,1x1,1.25,SHARK2,0.435484,0.548387,0.677419,0.709677,0.725806,0.741935,0.758065,0.758065,0.774194,0.790323,0.790323,0.790323
8,1x1,1.25,DTW,0.596774,0.709677,0.758065,0.806452,0.854839,0.870968,0.903226,0.903226,0.903226,0.919355,0.935484,0.935484
8,1x1,1.25,SHARK2*freq,0.5,0.66129,0.693548,0.758065,0.758065,0.758065,0.790323,0.806452,0.854839,0.854839,0.854839,0.870968
8,1x1,1.25,DTW*freq,0.645161,0.774194,0.870968,0.903226,0.919355,0.919355,0.951613,0.951613,0.951613,0.951613,0.951613,0.951613
8,1x1,1.25,SHARK2(cut),0.435484,0.548387,0.66129,0.693548,0.709677,0.725806,0.741935,0.741935,0.758065,0.774194,0.774194,0.790323
8,1x1,1.25,DTW(cut),0.596774,0.709677,0.758065,0.790323,0.83871,0.854839,0.887097,0.887097,0.903226,0.919355,0.935484,0.935484
8,1x3,0.75,SHARK2,0.438596,0.561404,0.596491,0.649123,0.719298,0.736842,0.77193,0.789474,0.789474,0.789474,0.789474,0.789474
8,1x3,0.75,DTW,0.578947,0.736842,0.807018,0.842105,0.877193,0.877193,0.894737,0.894737,0.912281,0.912281,0.929825,0.929825
8,1x3,0.75,SHARK2*freq,0.526316,0.614035,0.666667,0.684211,0.719298,0.77193,0.789474,0.789474,0.807018,0.807018,0.807018,0.824561
8,1x3,0.75,DTW*freq,0.77193,0.807018,0.877193,0.877193,0.912281,0.929825,0.947368,0.964912,0.964912,0.964912,0.964912,0.964912
8,1x3,0.75,SHARK2(cut),0.438596,0.578947,0.614035,0.666667,0.736842,0.754386,0.77193,0.789474,0.789474,0.789474,0.789474,0.789474
8,1x3,0.75,DTW(cut),0.578947,0.736842,0.807018,0.842105,0.877193,0.877193,0.894737,0.894737,0.912281,0.912281,0.929825,0.929825
8,1x3,1.0,SHARK2,0.508772,0.649123,0.684211,0.754386,0.807018,0.842105,0.859649,0.877193,0.894737,0.912281,0.912281,0.912281
8,1x3,1.0,DTW,0.45614,0.684211,0.754386,0.77193,0.877193,0.912281,0.929825,0.929825,0.947368,0.947368,0.947368,0.947368
8,1x3,1.0,SHARK2*freq,0.54386,0.684211,0.754386,0.842105,0.877193,0.894737,0.894737,0.912281,0.912281,0.912281,0.929825,0.947368
8,1x3,1.0,DTW*freq,0.596491,0.789474,0.824561,0.894737,0.947368,0.947368,0.964912,0.964912,0.964912,0.982456,0.982456,0.982456
8,1x3,1.0,SHARK2(cut),0.508772,0.666667,0.701754,0.77193,0.807018,0.842105,0.859649,0.877193,0.894737,0.912281,0.912281,0.912281
8,1x3,1.0,DTW(cut),0.45614,0.684211,0.754386,0.77193,0.877193,0.912281,0.929825,0.929825,0.947368,0.947368,0.947368,0.947368
8,1x3,1.25,SHARK2,0.66129,0.758065,0.806452,0.83871,0.870968,0.903226,0.903226,0.919355,0.935484,0.935484,0.935484,0.951613
8,1x3,1.25,DTW,0.725806,0.870968,0.903226,0.935484,0.951613,0.951613,0.983871,0.983871,0.983871,1,1,1
8,1x3,1.25,SHARK2*freq,0.693548,0.806452,0.854839,0.887097,0.887097,0.919355,0.935484,0.967742,0.967742,0.983871,0.983871,0.983871
8,1x3,1.25,DTW*freq,0.725806,0.870968,0.935484,0.951613,0.967742,1,1,1,1,1,1,1
8,1x3,1.25,SHARK2(cut),0.66129,0.758065,0.806452,0.83871,0.870968,0.903226,0.903226,0.919355,0.935484,0.935484,0.935484,0.951613
8,1x3,1.25,DTW(cut),0.725806,0.870968,0.903226,0.935484,0.951613,0.951613,0.983871,0.983871,0.983871,1,1,1
9,1x1,0.75,SHARK2,0.311475,0.42623,0.52459,0.557377,0.57377,0.57377,0.590164,0.590164,0.590164,0.606557,0.622951,0.622951
9,1x1,0.75,DTW,0.622951,0.770492,0.852459,0.868852,0.868852,0.868852,0.868852,0.885246,0.885246,0.885246,0.885246,0.885246
9,1x1,0.75,SHARK2*freq,0.459016,0.540984,0.590164,0.622951,0.622951,0.639344,0.655738,0.655738,0.655738,0.655738,0.672131,0.672131
9,1x1,0.75,DTW*freq,0.737705,0.852459,0.868852,0.918033,0.934426,0.95082,0.95082,0.95082,0.95082,0.95082,0.95082,0.95082
9,1x1,0.75,SHARK2(cut),0.508197,0.622951,0.688525,0.704918,0.721311,0.721311,0.737705,0.737705,0.737705,0.737705,0.754098,0.754098
9,1x1,0.75,DTW(cut),0.672131,0.786885,0.852459,0.885246,0.885246,0.901639,0.901639,0.918033,0.918033,0.934426,0.934426,0.934426
9,1x1,1.0,SHARK2,0.333333,0.508772,0.596491,0.684211,0.719298,0.736842,0.754386,0.789474,0.789474,0.789474,0.789474,0.807018
9,1x1,1.0,DTW,0.77193,0.859649,0.894737,0.894737,0.894737,0.894737,0.912281,0.912281,0.912281,0.912281,0.912281,0.912281
9,1x1,1.0,SHARK2*freq,0.561404,0.701754,0.719298,0.736842,0.807018,0.824561,0.824561,0.824561,0.824561,0.824561,0.824561,0.824561
9,1x1,1.0,DTW*freq,0.824561,0.894737,0.912281,0.912281,0.912281,0.912281,0.929825,0.929825,0.947368,0.947368,0.947368,0.964912
9,1x1,1.0,SHARK2(cut),0.526316,0.649123,0.719298,0.807018,0.824561,0.859649,0.859649,0.877193,0.877193,0.877193,0.877193,0.877193
9,1x1,1.0,DTW(cut),0.789474,0.859649,0.894737,0.894737,0.894737,0.894737,0.912281,0.912281,0.912281,0.912281,0.912281,0.912281
9,1x1,1.25,SHARK2,0.5,0.62069,0.672414,0.672414,0.724138,0.724138,0.741379,0.775862,0.793103,0.810345,0.810345,0.810345
9,1x1,1.25,DTW,0.741379,0.862069,0.896552,0.913793,0.948276,0.948276,0.965517,0.965517,0.965517,0.982759,0.982759,0.982759
9,1x1,1.25,SHARK2*freq,0.586207,0.758621,0.793103,0.810345,0.827586,0.844828,0.862069,0.862069,0.862069,0.862069,0.862069,0.862069
9,1x1,1.25,DTW*freq,0.793103,0.896552,0.948276,0.965517,0.965517,0.965517,0.965517,0.965517,0.965517,0.982759,0.982759,0.982759
9,1x1,1.25,SHARK2(cut),0.5,0.62069,0.672414,0.689655,0.741379,0.741379,0.758621,0.775862,0.793103,0.810345,0.810345,0.810345
9,1x1,1.25,DTW(cut),0.741379,0.862069,0.896552,0.913793,0.948276,0.948276,0.965517,0.965517,0.965517,0.982759,0.982759,0.982759
9,1x3,0.75,SHARK2,0.557377,0.57377,0.672131,0.770492,0.786885,0.786885,0.819672,0.836066,0.885246,0.885246,0.885246,0.901639
9,1x3,0.75,DTW,0.639344,0.737705,0.868852,0.885246,0.918033,0.95082,0.983607,0.983607,0.983607,0.983607,0.983607,0.983607
9,1x3,0.75,SHARK2*freq,0.606557,0.704918,0.754098,0.819672,0.852459,0.868852,0.868852,0.868852,0.901639,0.901639,0.901639,0.901639
9,1x3,0.75,DTW*freq,0.786885,0.852459,0.934426,0.95082,0.967213,0.967213,0.967213,0.983607,0.983607,0.983607,0.983607,0.983607
9,1x3,0.75,SHARK2(cut),0.557377,0.57377,0.655738,0.770492,0.803279,0.803279,0.819672,0.836066,0.885246,0.885246,0.885246,0.901639
9,1x3,0.75,DTW(cut),0.655738,0.754098,0.868852,0.885246,0.918033,0.95082,0.983607,0.983607,0.983607,0.983607,0.983607,0.983607
9,1x3,1.0,SHARK2,0.526316,0.701754,0.754386,0.77193,0.789474,0.807018,0.859649,0.859649,0.859649,0.859649,0.859649,0.877193
9,1x3,1.0,DTW,0.719298,0.859649,0.894737,0.912281,0.929825,0.947368,0.964912,0.982456,0.982456,0.982456,0.982456,1
9,1x3,1.0,SHARK2*freq,0.684211,0.77193,0.824561,0.824561,0.859649,0.859649,0.877193,0.877193,0.894737,0.894737,0.894737,0.894737
9,1x3,1.0,DTW*freq,0.842105,0.947368,0.964912,0.982456,1,1,1,1,1,1,1,1
9,1x3,1.0,SHARK2(cut),0.526316,0.701754,0.754386,0.77193,0.789474,0.807018,0.859649,0.859649,0.859649,0.859649,0.859649,0.877193
9,1x3,1.0,DTW(cut),0.719298,0.859649,0.894737,0.912281,0.929825,0.947368,0.964912,0.982456,0.982456,0.982456,0.982456,1
9,1x3,1.25,SHARK2,0.714286,0.875,0.910714,0.928571,0.946429,0.946429,0.946429,0.946429,0.946429,0.946429,0.946429,0.946429
9,1x3,1.25,DTW,0.803571,0.928571,0.982143,0.982143,0.982143,1,1,1,1,1,1,1
9,1x3,1.25,SHARK2*freq,0.857143,0.910714,0.928571,0.946429,0.946429,0.946429,0.964286,0.964286,0.964286,0.964286,0.964286,0.982143
9,1x3,1.25,DTW*freq,0.928571,0.982143,1,1,1,1,1,1,1,1,1,1
9,1x3,1.25,SHARK2(cut),0.714286,0.875,0.910714,0.928571,0.946429,0.946429,0.946429,0.946429,0.946429,0.946429,0.946429,0.946429
9,1x3,1.25,DTW(cut),0.803571,0.928571,0.982143,0.982143,0.982143,1,1,1,1,1,1,1
10,1x1,0.75,SHARK2,0.533333,0.633333,0.683333,0.75,0.8,0.833333,0.833333,0.883333,0.883333,0.9,0.9,0.916667
10,1x1,0.75,DTW,0.55,0.7,0.85,0.883333,0.883333,0.883333,0.9,0.933333,0.95,0.95,0.95,0.95
10,1x1,0.75,SHARK2*freq,0.716667,0.783333,0.783333,0.8,0.866667,0.883333,0.9,0.916667,0.966667,0.966667,0.966667,0.983333
10,1x1,0.75,DTW*freq,0.75,0.9,0.983333,0.983333,0.983333,0.983333,0.983333,0.983333,1,1,1,1
10,1x1,0.75,SHARK2(cut),0.6,0.683333,0.733333,0.783333,0.833333,0.85,0.85,0.9,0.9,0.916667,0.916667,0.933333
10,1x1,0.75,DTW(cut),0.566667,0.683333,0.866667,0.9,0.9,0.9,0.916667,0.933333,0.95,0.95,0.95,0.95
10,1x1,1.0,SHARK2,0.377358,0.603774,0.716981,0.773585,0.773585,0.773585,0.811321,0.811321,0.811321,0.811321,0.811321,0.811321
10,1x1,1.0,DTW,0.603774,0.754717,0.773585,0.792453,0.811321,0.849057,0.849057,0.867925,0.867925,0.867925,0.867925,0.867925
10,1x1,1.0,SHARK2*freq,0.622642,0.716981,0.792453,0.830189,0.830189,0.849057,0.849057,0.849057,0.849057,0.849057,0.867925,0.867925
10,1x1,1.0,DTW*freq,0.641509,0.735849,0.811321,0.830189,0.886792,0.886792,0.886792,0.924528,0.924528,0.924528,0.924528,0.924528
10,1x1,1.0,SHARK2(cut),0.396226,0.603774,0.716981,0.754717,0.754717,0.754717,0.792453,0.811321,0.811321,0.811321,0.811321,0.811321
10,1x1,1.0,DTW(cut),0.603774,0.754717,0.773585,0.773585,0.792453,0.830189,0.830189,0.867925,0.867925,0.867925,0.867925,0.867925
10,1x1,1.25,SHARK2,0.52381,0.666667,0.698413,0.746032,0.761905,0.793651,0.825397,0.825397,0.825397,0.857143,0.857143,0.857143
10,1x1,1.25,DTW,0.619048,0.761905,0.84127,0.888889,0.904762,0.920635,0.920635,0.936508,0.936508,0.936508,0.936508,0.952381
10,1x1,1.25,SHARK2*freq,0.68254,0.761905,0.809524,0.825397,0.84127,0.84127,0.857143,0.857143,0.873016,0.888889,0.904762,0.920635
10,1x1,1.25,DTW*freq,0.761905,0.873016,0.888889,0.936508,0.936508,0.952381,0.952381,0.968254,0.984127,0.984127,0.984127,0.984127
10,1x1,1.25,SHARK2(cut),0.52381,0.666667,0.714286,0.777778,0.793651,0.825397,0.857143,0.857143,0.857143,0.888889,0.888889,0.888889
10,1x1,1.25,DTW(cut),0.619048,0.761905,0.84127,0.888889,0.904762,0.920635,0.920635,0.936508,0.936508,0.936508,0.936508,0.936508
10,1x3,0.75,SHARK2,0.533333,0.633333,0.716667,0.783333,0.9,0.933333,0.933333,0.933333,0.933333,0.95,0.95,0.95
10,1x3,0.75,DTW,0.65,0.75,0.85,0.9,0.933333,0.95,0.966667,0.983333,0.983333,0.983333,0.983333,0.983333
10,1x3,0.75,SHARK2*freq,0.633333,0.766667,0.816667,0.866667,0.916667,0.933333,0.933333,0.95,0.95,0.95,0.95,0.95
10,1x3,0.75,DTW*freq,0.783333,0.9,0.95,0.966667,0.966667,0.983333,0.983333,0.983333,0.983333,0.983333,0.983333,0.983333
10,1x3,0.75,SHARK2(cut),0.533333,0.633333,0.716667,0.783333,0.9,0.933333,0.933333,0.933333,0.933333,0.95,0.95,0.95
10,1x3,0.75,DTW(cut),0.65,0.75,0.85,0.9,0.933333,0.95,0.966667,0.983333,0.983333,0.983333,0.983333,0.983333
10,1x3,1.0,SHARK2,0.45283,0.641509,0.698113,0.735849,0.754717,0.830189,0.830189,0.849057,0.849057,0.867925,0.886792,0.90566
10,1x3,1.0,DTW,0.433962,0.603774,0.698113,0.754717,0.792453,0.811321,0.811321,0.811321,0.830189,0.849057,0.886792,0.886792
10,1x3,1.0,SHARK2*freq,0.584906,0.698113,0.735849,0.754717,0.811321,0.830189,0.867925,0.867925,0.886792,0.886792,0.886792,0.886792
10,1x3,1.0,DTW*freq,0.603774,0.679245,0.792453,0.811321,0.811321,0.811321,0.811321,0.830189,0.849057,0.849057,0.867925,0.867925
10,1x3,1.0,SHARK2(cut),0.45283,0.660377,0.698113,0.735849,0.754717,0.830189,0.830189,0.849057,0.849057,0.867925,0.886792,0.90566
10,1x3,1.0,DTW(cut),0.471698,0.603774,0.698113,0.754717,0.792453,0.811321,0.811321,0.811321,0.830189,0.849057,0.886792,0.886792
10,1x3,1.25,SHARK2,0.460317,0.666667,0.730159,0.746032,0.825397,0.825397,0.84127,0.857143,0.873016,0.920635,0.920635,0.920635
10,1x3,1.25,DTW,0.539683,0.68254,0.730159,0.809524,0.825397,0.84127,0.84127,0.873016,0.873016,0.920635,0.920635,0.936508
10,1x3,1.25,SHARK2*freq,0.603175,0.746032,0.809524,0.857143,0.904762,0.920635,0.920635,0.920635,0.920635,0.936508,0.936508,0.952381
10,1x3,1.25,DTW*freq,0.714286,0.746032,0.825397,0.888889,0.904762,0.904762,0.904762,0.920635,0.920635,0.920635,0.936508,0.936508
10,1x3,1.25,SHARK2(cut),0.460317,0.666667,0.730159,0.746032,0.825397,0.825397,0.84127,0.857143,0.873016,0.920635,0.920635,0.920635
10,1x3,1.25,DTW(cut),0.539683,0.68254,0.730159,0.809524,0.825397,0.84127,0.84127,0.873016,0.873016,0.920635,0.920635,0.936508
11,1x1,0.75,SHARK2,0.303571,0.375,0.5,0.553571,0.625,0.642857,0.660714,0.660714,0.660714,0.660714,0.678571,0.714286
11,1x1,0.75,DTW,0.357143,0.5,0.571429,0.607143,0.642857,0.678571,0.696429,0.696429,0.714286,0.785714,0.803571,0.839286
11,1x1,0.75,SHARK2*freq,0.428571,0.571429,0.625,0.696429,0.696429,0.732143,0.767857,0.785714,0.785714,0.821429,0.821429,0.821429
11,1x1,0.75,DTW*freq,0.678571,0.75,0.821429,0.857143,0.875,0.875,0.892857,0.892857,0.892857,0.892857,0.892857,0.892857
11,1x1,0.75,SHARK2(cut),0.339286,0.392857,0.464286,0.5,0.589286,0.625,0.625,0.625,0.625,0.625,0.642857,0.678571
11,1x1,0.75,DTW(cut),0.357143,0.464286,0.5,0.571429,0.589286,0.625,0.660714,0.660714,0.678571,0.767857,0.803571,0.821429
11,1x1,1.0,SHARK2,0.492063,0.571429,0.634921,0.746032,0.777778,0.793651,0.809524,0.825397,0.825397,0.825397,0.84127,0.84127
11,1x1,1.0,DTW,0.571429,0.666667,0.746032,0.777778,0.793651,0.825397,0.84127,0.857143,0.873016,0.873016,0.873016,0.873016
11,1x1,1.0,SHARK2*freq,0.666667,0.777778,0.793651,0.825397,0.84127,0.84127,0.84127,0.857143,0.873016,0.888889,0.888889,0.888889
11,1x1,1.0,DTW*freq,0.666667,0.761905,0.84127,0.888889,0.936508,0.936508,0.936508,0.936508,0.952381,0.952381,0.952381,0.952381
11,1x1,1.0,SHARK2(cut),0.460317,0.52381,0.555556,0.634921,0.68254,0.730159,0.761905,0.777778,0.777778,0.777778,0.793651,0.809524
11,1x1,1.0,DTW(cut),0.539683,0.619048,0.698413,0.746032,0.746032,0.761905,0.809524,0.84127,0.857143,0.857143,0.873016,0.873016
11,1x1,1.25,SHARK2,0.438596,0.614035,0.649123,0.684211,0.719298,0.754386,0.77193,0.789474,0.789474,0.824561,0.824561,0.842105
11,1x1,1.25,DTW,0.596491,0.701754,0.754386,0.77193,0.789474,0.824561,0.842105,0.842105,0.859649,0.859649,0.877193,0.894737
11,1x1,1.25,SHARK2*freq,0.596491,0.701754,0.789474,0.807018,0.824561,0.824561,0.824561,0.824561,0.824561,0.824561,0.824561,0.824561
11,1x1,1.25,DTW*freq,0.701754,0.824561,0.877193,0.877193,0.877193,0.877193,0.912281,0.912281,0.912281,0.912281,0.912281,0.912281
11,1x1,1.25,SHARK2(cut),0.491228,0.666667,0.719298,0.719298,0.754386,0.77193,0.789474,0.789474,0.789474,0.807018,0.807018,0.824561
11,1x1,1.25,DTW(cut),0.578947,0.701754,0.736842,0.807018,0.807018,0.842105,0.842105,0.859649,0.877193,0.877193,0.894737,0.912281
11,1x3,0.75,SHARK2,0.482143,0.660714,0.714286,0.714286,0.803571,0.821429,0.821429,0.857143,0.892857,0.910714,0.910714,0.928571
11,1x3,0.75,DTW,0.535714,0.660714,0.732143,0.785714,0.821429,0.839286,0.857143,0.892857,0.910714,0.928571,0.928571,0.928571
11,1x3,0.75,SHARK2*freq,0.571429,0.714286,0.767857,0.857143,0.857143,0.857143,0.892857,0.928571,0.928571,0.946429,0.946429,0.946429
11,1x3,0.75,DTW*freq,0.714286,0.821429,0.857143,0.910714,0.910714,0.910714,0.928571,0.928571,0.928571,0.964286,0.964286,0.982143
11,1x3,0.75,SHARK2(cut),0.482143,0.678571,0.75,0.75,0.821429,0.839286,0.839286,0.875,0.910714,0.928571,0.928571,0.946429
11,1x3,0.75,DTW(cut),0.535714,0.660714,0.732143,0.785714,0.803571,0.839286,0.857143,0.875,0.892857,0.910714,0.910714,0.910714
11,1x3,1.0,SHARK2,0.444444,0.603175,0.68254,0.730159,0.809524,0.809524,0.84127,0.84127,0.84127,0.857143,0.873016,0.904762
11,1x3,1.0,DTW,0.555556,0.666667,0.761905,0.809524,0.84127,0.84127,0.873016,0.888889,0.904762,0.920635,0.920635,0.920635
11,1x3,1.0,SHARK2*freq,0.603175,0.714286,0.746032,0.793651,0.809524,0.84127,0.857143,0.857143,0.857143,0.888889,0.888889,0.904762
11,1x3,1.0,DTW*freq,0.603175,0.825397,0.873016,0.904762,0.904762,0.920635,0.920635,0.920635,0.920635,0.920635,0.936508,0.936508
11,1x3,1.0,SHARK2(cut),0.460317,0.603175,0.68254,0.730159,0.809524,0.809524,0.84127,0.84127,0.84127,0.857143,0.873016,0.904762
11,1x3,1.0,DTW(cut),0.555556,0.666667,0.761905,0.809524,0.84127,0.84127,0.873016,0.888889,0.904762,0.920635,0.920635,0.920635
11,1x3,1.25,SHARK2,0.666667,0.824561,0.859649,0.929825,0.929825,0.929825,0.947368,0.947368,0.947368,0.947368,0.964912,0.964912
11,1x3,1.25,DTW,0.666667,0.789474,0.842105,0.894737,0.929825,0.947368,0.947368,0.964912,0.964912,0.964912,0.982456,0.982456
11,1x3,1.25,SHARK2*freq,0.754386,0.842105,0.877193,0.912281,0.929825,0.929825,0.947368,0.947368,0.947368,0.964912,0.964912,0.982456
11,1x3,1.25,DTW*freq,0.807018,0.877193,0.912281,0.929825,0.964912,0.982456,0.982456,0.982456,0.982456,0.982456,0.982456,0.982456
11,1x3,1.25,SHARK2(cut),0.666667,0.824561,0.859649,0.929825,0.929825,0.947368,0.947368,0.947368,0.947368,0.947368,0.964912,0.964912
11,1x3,1.25,DTW(cut),0.666667,0.789474,0.842105,0.894737,0.929825,0.947368,0.947368,0.964912,0.964912,0.964912,0.982456,0.982456
12,1x1,0.75,SHARK2,0.389831,0.440678,0.508475,0.559322,0.627119,0.694915,0.711864,0.745763,0.762712,0.762712,0.779661,0.813559
12,1x1,0.75,DTW,0.525424,0.59322,0.610169,0.661017,0.711864,0.745763,0.745763,0.813559,0.847458,0.847458,0.847458,0.847458
12,1x1,0.75,SHARK2*freq,0.508475,0.627119,0.677966,0.711864,0.762712,0.779661,0.779661,0.813559,0.830508,0.847458,0.881356,0.898305
12,1x1,0.75,DTW*freq,0.59322,0.728814,0.830508,0.864407,0.864407,0.881356,0.915254,0.932203,0.932203,0.932203,0.932203,0.932203
12,1x1,0.75,SHARK2(cut),0.338983,0.474576,0.525424,0.559322,0.576271,0.59322,0.627119,0.644068,0.661017,0.661017,0.677966,0.711864
12,1x1,0.75,DTW(cut),0.491525,0.542373,0.559322,0.576271,0.644068,0.677966,0.694915,0.762712,0.79661,0.813559,0.813559,0.813559
12,1x1,1.0,SHARK2,0.508475,0.576271,0.694915,0.745763,0.79661,0.813559,0.830508,0.830508,0.830508,0.830508,0.830508,0.830508
12,1x1,1.0,DTW,0.644068,0.711864,0.79661,0.864407,0.898305,0.915254,0.915254,0.915254,0.915254,0.915254,0.915254,0.915254
12,1x1,1.0,SHARK2*freq,0.59322,0.728814,0.779661,0.813559,0.813559,0.813559,0.847458,0.847458,0.864407,0.864407,0.864407,0.864407
12,1x1,1.0,DTW*freq,0.745763,0.813559,0.847458,0.881356,0.881356,0.898305,0.915254,0.932203,0.932203,0.932203,0.932203,0.932203
12,1x1,1.0,SHARK2(cut),0.542373,0.627119,0.711864,0.745763,0.762712,0.779661,0.813559,0.830508,0.830508,0.830508,0.830508,0.830508
12,1x1,1.0,DTW(cut),0.694915,0.745763,0.79661,0.830508,0.847458,0.847458,0.847458,0.864407,0.881356,0.881356,0.881356,0.898305
12,1x1,1.25,SHARK2,0.465517,0.586207,0.655172,0.672414,0.689655,0.741379,0.793103,0.810345,0.827586,0.827586,0.827586,0.827586
12,1x1,1.25,DTW,0.568966,0.672414,0.810345,0.827586,0.827586,0.827586,0.827586,0.844828,0.844828,0.862069,0.862069,0.87931
12,1x1,1.25,SHARK2*freq,0.568966,0.655172,0.724138,0.793103,0.844828,0.844828,0.844828,0.862069,0.87931,0.87931,0.87931,0.87931
12,1x1,1.25,DTW*freq,0.586207,0.775862,0.87931,0.87931,0.87931,0.896552,0.913793,0.913793,0.913793,0.913793,0.931034,0.948276
12,1x1,1.25,SHARK2(cut),0.448276,0.586207,0.637931,0.655172,0.672414,0.741379,0.793103,0.810345,0.827586,0.827586,0.827586,0.827586
12,1x1,1.25,DTW(cut),0.568966,0.672414,0.810345,0.827586,0.827586,0.827586,0.827586,0.844828,0.844828,0.862069,0.87931,0.896552
12,1x3,0.75,SHARK2,0.508475,0.610169,0.728814,0.779661,0.779661,0.813559,0.830508,0.881356,0.881356,0.881356,0.881356,0.881356
12,1x3,0.75,DTW,0.559322,0.694915,0.813559,0.847458,0.898305,0.898305,0.915254,0.915254,0.915254,0.932203,0.932203,0.949153
12,1x3,0.75,SHARK2*freq,0.576271,0.728814,0.762712,0.847458,0.847458,0.847458,0.881356,0.915254,0.915254,0.915254,0.915254,0.915254
12,1x3,0.75,DTW*freq,0.644068,0.881356,0.915254,0.932203,0.949153,0.949153,0.949153,0.966102,0.983051,0.983051,1,1
12,1x3,0.75,SHARK2(cut),0.508475,0.610169,0.745763,0.79661,0.79661,0.830508,0.847458,0.881356,0.881356,0.881356,0.881356,0.881356
12,1x3,0.75,DTW(cut),0.559322,0.711864,0.813559,0.847458,0.898305,0.898305,0.915254,0.915254,0.915254,0.932203,0.932203,0.949153
12,1x3,1.0,SHARK2,0.644068,0.779661,0.847458,0.864407,0.864407,0.864407,0.898305,0.915254,0.915254,0.915254,0.932203,0.949153
12,1x3,1.0,DTW,0.677966,0.762712,0.79661,0.864407,0.915254,0.932203,0.949153,0.966102,0.966102,0.966102,0.966102,0.966102
12,1x3,1.0,SHARK2*freq,0.745763,0.830508,0.847458,0.864407,0.864407,0.881356,0.915254,0.932203,0.932203,0.949153,0.949153,0.966102
12,1x3,1.0,DTW*freq,0.79661,0.898305,0.949153,0.949153,0.949153,0.966102,0.966102,0.966102,0.966102,0.966102,0.966102,0.966102
12,1x3,1.0,SHARK2(cut),0.644068,0.79661,0.847458,0.864407,0.864407,0.864407,0.898305,0.915254,0.915254,0.915254,0.932203,0.949153
12,1x3,1.0,DTW(cut),0.677966,0.762712,0.79661,0.864407,0.915254,0.932203,0.949153,0.966102,0.966102,0.966102,0.966102,0.966102
12,1x3,1.25,SHARK2,0.568966,0.655172,0.793103,0.827586,0.87931,0.913793,0.913793,0.931034,0.948276,0.948276,0.948276,0.948276
12,1x3,1.25,DTW,0.603448,0.724138,0.827586,0.862069,0.862069,0.862069,0.896552,0.913793,0.931034,0.948276,0.948276,0.948276
12,1x3,1.25,SHARK2*freq,0.586207,0.741379,0.87931,0.931034,0.931034,0.931034,0.931034,0.931034,0.948276,0.982759,0.982759,0.982759
12,1x3,1.25,DTW*freq,0.741379,0.793103,0.862069,0.913793,0.948276,0.948276,0.965517,0.965517,0.965517,0.965517,0.965517,0.982759
12,1x3,1.25,SHARK2(cut),0.568966,0.655172,0.793103,0.827586,0.87931,0.913793,0.913793,0.931034,0.948276,0.948276,0.948276,0.948276
12,1x3,1.25,DTW(cut),0.603448,0.724138,0.827586,0.862069,0.862069,0.862069,0.896552,0.913793,0.931034,0.948276,0.948276,0.948276
13,1x1,0.75,SHARK2,0.473684,0.508772,0.578947,0.596491,0.684211,0.701754,0.701754,0.719298,0.754386,0.77193,0.77193,0.807018
13,1x1,0.75,DTW,0.649123,0.754386,0.824561,0.859649,0.859649,0.877193,0.894737,0.894737,0.912281,0.912281,0.912281,0.929825
13,1x1,0.75,SHARK2*freq,0.578947,0.684211,0.754386,0.754386,0.754386,0.754386,0.754386,0.77193,0.789474,0.824561,0.824561,0.842105
13,1x1,0.75,DTW*freq,0.77193,0.894737,0.929825,0.929825,0.929825,0.929825,0.929825,0.929825,0.947368,0.947368,0.947368,0.947368
13,1x1,0.75,SHARK2(cut),0.473684,0.561404,0.631579,0.649123,0.719298,0.754386,0.77193,0.77193,0.807018,0.807018,0.807018,0.824561
13,1x1,0.75,DTW(cut),0.631579,0.736842,0.807018,0.859649,0.859649,0.912281,0.912281,0.912281,0.929825,0.929825,0.929825,0.947368
13,1x1,1.0,SHARK2,0.649123,0.719298,0.789474,0.877193,0.929825,0.947368,0.947368,0.947368,0.947368,0.947368,0.947368,0.947368
13,1x1,1.0,DTW,0.807018,0.912281,0.929825,0.929825,0.929825,0.947368,0.947368,0.947368,0.947368,0.964912,0.964912,0.964912
13,1x1,1.0,SHARK2*freq,0.701754,0.789474,0.824561,0.894737,0.947368,0.947368,0.947368,0.947368,0.947368,0.947368,0.947368,0.947368
13,1x1,1.0,DTW*freq,0.789474,0.842105,0.912281,0.929825,0.929825,0.947368,0.947368,0.947368,0.947368,0.947368,0.982456,0.982456
13,1x1,1.0,SHARK2(cut),0.666667,0.754386,0.789474,0.894737,0.929825,0.947368,0.947368,0.947368,0.947368,0.947368,0.947368,0.947368
13,1x1,1.0,DTW(cut),0.807018,0.912281,0.929825,0.929825,0.929825,0.947368,0.947368,0.947368,0.947368,0.964912,0.964912,0.964912
13,1x1,1.25,SHARK2,0.5,0.564516,0.596774,0.66129,0.693548,0.774194,0.806452,0.822581,0.83871,0.854839,0.870968,0.903226
13,1x1,1.25,DTW,0.790323,0.870968,0.935484,0.967742,0.967742,0.967742,0.983871,0.983871,0.983871,0.983871,0.983871,0.983871
13,1x1,1.25,SHARK2*freq,0.629032,0.725806,0.774194,0.806452,0.806452,0.822581,0.854839,0.870968,0.887097,0.903226,0.935484,0.935484
13,1x1,1.25,DTW*freq,0.806452,0.887097,0.935484,0.983871,0.983871,0.983871,0.983871,1,1,1,1,1
13,1x1,1.25,SHARK2(cut),0.5,0.564516,0.596774,0.66129,0.693548,0.790323,0.822581,0.83871,0.854839,0.870968,0.887097,0.919355
13,1x1,1.25,DTW(cut),0.790323,0.870968,0.935484,0.983871,0.983871,0.983871,0.983871,0.983871,0.983871,0.983871,0.983871,0.983871
13,1x3,0.75,SHARK2,0.631579,0.754386,0.789474,0.842105,0.859649,0.859649,0.877193,0.877193,0.912281,0.912281,0.912281,0.912281
13,1x3,0.75,DTW,0.77193,0.824561,0.859649,0.877193,0.912281,0.912281,0.947368,0.947368,0.947368,0.947368,0.947368,0.947368
13,1x3,0.75,SHARK2*freq,0.684211,0.789474,0.807018,0.859649,0.877193,0.894737,0.912281,0.912281,0.912281,0.929825,0.929825,0.929825
13,1x3,0.75,DTW*freq,0.859649,0.894737,0.894737,0.912281,0.929825,0.929825,0.929825,0.947368,0.964912,0.964912,0.964912,0.964912
13,1x3,0.75,SHARK2(cut),0.649123,0.754386,0.807018,0.842105,0.859649,0.859649,0.877193,0.877193,0.912281,0.912281,0.912281,0.912281
13,1x3,0.75,DTW(cut),0.77193,0.824561,0.859649,0.877193,0.912281,0.912281,0.947368,0.947368,0.947368,0.947368,0.947368,0.947368
13,1x3,1.0,SHARK2,0.701754,0.789474,0.842105,0.894737,0.929825,0.964912,0.964912,0.982456,0.982456,0.982456,0.982456,0.982456
13,1x3,1.0,DTW,0.807018,0.947368,0.982456,0.982456,1,1,1,1,1,1,1,1
13,1x3,1.0,SHARK2*freq,0.684211,0.842105,0.894737,0.964912,0.982456,0.982456,0.982456,0.982456,0.982456,0.982456,0.982456,0.982456
13,1x3,1.0,DTW*freq,0.877193,0.982456,0.982456,1,1,1,1,1,1,1,1,1
13,1x3,1.0,SHARK2(cut),0.701754,0.789474,0.842105,0.894737,0.929825,0.964912,0.964912,0.982456,0.982456,0.982456,0.982456,0.982456
13,1x3,1.0,DTW(cut),0.807018,0.947368,0.982456,0.982456,1,1,1,1,1,1,1,1
13,1x3,1.25,SHARK2,0.532258,0.758065,0.83871,0.870968,0.919355,0.919355,0.951613,0.967742,0.967742,0.967742,0.967742,0.967742
13,1x3,1.25,DTW,0.709677,0.887097,0.967742,0.983871,0.983871,0.983871,0.983871,0.983871,0.983871,0.983871,0.983871,0.983871
13,1x3,1.25,SHARK2*freq,0.741935,0.822581,0.903226,0.903226,0.951613,0.951613,0.967742,0.983871,0.983871,0.983871,0.983871,0.983871
13,1x3,1.25,DTW*freq,0.887097,0.967742,0.983871,0.983871,0.983871,0.983871,0.983871,0.983871,0.983871,0.983871,0.983871,0.983871
13,1x3,1.25,SHARK2(cut),0.532258,0.758065,0.83871,0.870968,0.919355,0.919355,0.951613,0.967742,0.967742,0.967742,0.967742,0.967742
13,1x3,1.25,DTW(cut),0.709677,0.887097,0.967742,0.983871,0.983871,0.983871,0.983871,0.983871,0.983871,0.983871,0.983871,0.983871
14,1x1,0.75,SHARK2,0.288136,0.423729,0.491525,0.542373,0.59322,0.627119,0.677966,0.677966,0.694915,0.694915,0.694915,0.728814
14,1x1,0.75,DTW,0.457627,0.542373,0.559322,0.576271,0.59322,0.644068,0.694915,0.694915,0.711864,0.711864,0.728814,0.745763
14,1x1,0.75,SHARK2*freq,0.355932,0.525424,0.661017,0.694915,0.745763,0.762712,0.762712,0.762712,0.779661,0.779661,0.79661,0.79661
14,1x1,0.75,DTW*freq,0.610169,0.762712,0.813559,0.847458,0.864407,0.864407,0.881356,0.898305,0.915254,0.915254,0.915254,0.915254
14,1x1,0.75,SHARK2(cut),0.237288,0.322034,0.440678,0.457627,0.508475,0.542373,0.59322,0.627119,0.644068,0.644068,0.644068,0.661017
14,1x1,0.75,DTW(cut),0.389831,0.525424,0.559322,0.559322,0.627119,0.644068,0.677966,0.694915,0.711864,0.728814,0.728814,0.728814
14,1x1,1.0,SHARK2,0.327869,0.409836,0.459016,0.491803,0.491803,0.540984,0.606557,0.655738,0.655738,0.721311,0.721311,0.737705
14,1x1,1.0,DTW,0.459016,0.540984,0.57377,0.606557,0.672131,0.704918,0.721311,0.721311,0.754098,0.754098,0.754098,0.786885
14,1x1,1.0,SHARK2*freq,0.42623,0.508197,0.52459,0.622951,0.639344,0.655738,0.672131,0.672131,0.688525,0.704918,0.704918,0.704918
14,1x1,1.0,DTW*freq,0.540984,0.672131,0.721311,0.737705,0.803279,0.819672,0.836066,0.852459,0.868852,0.885246,0.885246,0.885246
14,1x1,1.0,SHARK2(cut),0.360656,0.42623,0.442623,0.459016,0.459016,0.491803,0.57377,0.590164,0.606557,0.672131,0.672131,0.672131
14,1x1,1.0,DTW(cut),0.442623,0.508197,0.52459,0.557377,0.606557,0.655738,0.672131,0.672131,0.721311,0.737705,0.737705,0.770492
14,1x1,1.25,SHARK2,0.339286,0.410714,0.482143,0.517857,0.553571,0.553571,0.607143,0.625,0.642857,0.642857,0.642857,0.642857
14,1x1,1.25,DTW,0.357143,0.446429,0.553571,0.571429,0.607143,0.625,0.625,0.642857,0.642857,0.642857,0.642857,0.660714
14,1x1,1.25,SHARK2*freq,0.446429,0.535714,0.535714,0.553571,0.625,0.642857,0.660714,0.678571,0.714286,0.732143,0.75,0.75
14,1x1,1.25,DTW*freq,0.446429,0.642857,0.696429,0.714286,0.714286,0.714286,0.714286,0.714286,0.732143,0.732143,0.732143,0.732143
14,1x1,1.25,SHARK2(cut),0.321429,0.375,0.446429,0.5,0.535714,0.535714,0.553571,0.571429,0.607143,0.607143,0.607143,0.607143
14,1x1,1.25,DTW(cut),0.375,0.464286,0.553571,0.571429,0.571429,0.607143,0.607143,0.625,0.625,0.625,0.625,0.642857
14,1x3,0.75,SHARK2,0.288136,0.40678,0.457627,0.491525,0.542373,0.559322,0.559322,0.610169,0.610169,0.627119,0.661017,0.661017
14,1x3,0.75,DTW,0.355932,0.457627,0.508475,0.559322,0.59322,0.627119,0.627119,0.627119,0.644068,0.644068,0.644068,0.644068
14,1x3,0.75,SHARK2*freq,0.440678,0.474576,0.474576,0.525424,0.559322,0.644068,0.677966,0.694915,0.694915,0.694915,0.711864,0.745763
14,1x3,0.75,DTW*freq,0.474576,0.59322,0.610169,0.627119,0.644068,0.661017,0.694915,0.711864,0.728814,0.745763,0.745763,0.745763
14,1x3,0.75,SHARK2(cut),0.305085,0.423729,0.491525,0.508475,0.542373,0.576271,0.576271,0.627119,0.627119,0.644068,0.661017,0.677966
14,1x3,0.75,DTW(cut),0.372881,0.457627,0.508475,0.559322,0.576271,0.610169,0.627119,0.627119,0.644068,0.644068,0.644068,0.644068
14,1x3,1.0,SHARK2,0.409836,0.508197,0.540984,0.606557,0.606557,0.639344,0.655738,0.688525,0.704918,0.721311,0.737705,0.737705
14,1x3,1.0,DTW,0.42623,0.557377,0.655738,0.672131,0.688525,0.721311,0.737705,0.737705,0.737705,0.770492,0.770492,0.786885
14,1x3,1.0,SHARK2*freq,0.42623,0.52459,0.557377,0.655738,0.672131,0.688525,0.737705,0.754098,0.803279,0.819672,0.836066,0.836066
14,1x3,1.0,DTW*freq,0.459016,0.688525,0.721311,0.721311,0.754098,0.770492,0.786885,0.819672,0.819672,0.836066,0.836066,0.868852
14,1x3,1.0,SHARK2(cut),0.393443,0.47541,0.540984,0.590164,0.606557,0.639344,0.655738,0.688525,0.704918,0.704918,0.721311,0.721311
14,1x3,1.0,DTW(cut),0.42623,0.557377,0.655738,0.672131,0.688525,0.721311,0.737705,0.737705,0.737705,0.770492,0.770492,0.786885
14,1x3,1.25,SHARK2,0.392857,0.464286,0.553571,0.571429,0.660714,0.678571,0.678571,0.696429,0.732143,0.732143,0.767857,0.767857
14,1x3,1.25,DTW,0.428571,0.535714,0.607143,0.625,0.660714,0.660714,0.660714,0.696429,0.714286,0.714286,0.732143,0.732143
14,1x3,1.25,SHARK2*freq,0.392857,0.517857,0.589286,0.660714,0.678571,0.696429,0.696429,0.714286,0.767857,0.767857,0.767857,0.803571
14,1x3,1.25,DTW*freq,0.553571,0.589286,0.625,0.678571,0.714286,0.714286,0.732143,0.75,0.785714,0.803571,0.821429,0.839286
14,1x3,1.25,SHARK2(cut),0.375,0.446429,0.535714,0.553571,0.642857,0.678571,0.678571,0.696429,0.732143,0.732143,0.75,0.75
14,1x3,1.25,DTW(cut),0.446429,0.535714,0.607143,0.607143,0.642857,0.642857,0.642857,0.678571,0.714286,0.714286,0.732143,0.732143
15,1x1,0.75,SHARK2,0.4,0.509091,0.618182,0.690909,0.709091,0.727273,0.745455,0.745455,0.763636,0.781818,0.781818,0.781818
15,1x1,0.75,DTW,0.490909,0.618182,0.709091,0.709091,0.727273,0.763636,0.763636,0.781818,0.818182,0.818182,0.818182,0.818182
15,1x1,0.75,SHARK2*freq,0.545455,0.636364,0.709091,0.727273,0.763636,0.763636,0.781818,0.8,0.8,0.8,0.8,0.8
15,1x1,0.75,DTW*freq,0.636364,0.745455,0.781818,0.836364,0.854545,0.890909,0.890909,0.909091,0.909091,0.909091,0.909091,0.927273
15,1x1,0.75,SHARK2(cut),0.436364,0.545455,0.654545,0.690909,0.709091,0.727273,0.745455,0.763636,0.781818,0.8,0.8,0.8
15,1x1,0.75,DTW(cut),0.472727,0.581818,0.709091,0.709091,0.709091,0.763636,0.763636,0.8,0.818182,0.818182,0.818182,0.818182
15,1x1,1.0,SHARK2,0.466667,0.55,0.6,0.633333,0.65,0.666667,0.7,0.733333,0.766667,0.783333,0.783333,0.783333
15,1x1,1.0,DTW,0.466667,0.616667,0.733333,0.733333,0.75,0.75,0.766667,0.816667,0.833333,0.833333,0.833333,0.833333
15,1x1,1.0,SHARK2*freq,0.533333,0.65,0.666667,0.75,0.75,0.766667,0.8,0.816667,0.833333,0.833333,0.85,0.85
15,1x1,1.0,DTW*freq,0.666667,0.733333,0.8,0.883333,0.9,0.9,0.9,0.9,0.9,0.916667,0.916667,0.933333
15,1x1,1.0,SHARK2(cut),0.433333,0.55,0.633333,0.666667,0.683333,0.716667,0.75,0.766667,0.8,0.816667,0.816667,0.816667
15,1x1,1.0,DTW(cut),0.4,0.583333,0.7,0.733333,0.8,0.8,0.833333,0.866667,0.866667,0.866667,0.866667,0.866667
15,1x1,1.25,SHARK2,0.459016,0.57377,0.606557,0.672131,0.688525,0.688525,0.721311,0.737705,0.737705,0.754098,0.770492,0.770492
15,1x1,1.25,DTW,0.52459,0.721311,0.770492,0.803279,0.803279,0.819672,0.836066,0.868852,0.868852,0.868852,0.901639,0.901639
15,1x1,1.25,SHARK2*freq,0.52459,0.672131,0.704918,0.754098,0.770492,0.803279,0.819672,0.819672,0.819672,0.819672,0.819672,0.836066
15,1x1,1.25,DTW*freq,0.721311,0.836066,0.852459,0.868852,0.901639,0.901639,0.934426,0.934426,0.934426,0.95082,0.983607,1
15,1x1,1.25,SHARK2(cut),0.47541,0.622951,0.655738,0.688525,0.721311,0.721311,0.737705,0.786885,0.803279,0.819672,0.836066,0.836066
15,1x1,1.25,DTW(cut),0.590164,0.770492,0.803279,0.836066,0.836066,0.852459,0.868852,0.885246,0.885246,0.885246,0.901639,0.918033
15,1x3,0.75,SHARK2,0.490909,0.636364,0.672727,0.745455,0.763636,0.8,0.818182,0.818182,0.836364,0.836364,0.836364,0.836364
15,1x3,0.75,DTW,0.563636,0.690909,0.745455,0.781818,0.8,0.836364,0.890909,0.890909,0.890909,0.890909,0.909091,0.909091
15,1x3,0.75,SHARK2*freq,0.527273,0.654545,0.745455,0.763636,0.781818,0.781818,0.818182,0.836364,0.854545,0.854545,0.872727,0.890909
15,1x3,0.75,DTW*freq,0.690909,0.763636,0.818182,0.854545,0.890909,0.927273,0.927273,0.927273,0.927273,0.945455,0.945455,0.945455
15,1x3,0.75,SHARK2(cut),0.563636,0.636364,0.654545,0.745455,0.763636,0.8,0.818182,0.836364,0.854545,0.854545,0.854545,0.872727
15,1x3,0.75,DTW(cut),0.563636,0.690909,0.745455,0.8,0.8,0.818182,0.872727,0.890909,0.890909,0.890909,0.909091,0.909091
15,1x3,1.0,SHARK2,0.5,0.666667,0.7,0.7,0.733333,0.75,0.766667,0.8,0.8,0.833333,0.85,0.883333
15,1x3,1.0,DTW,0.5,0.7,0.733333,0.766667,0.8,0.816667,0.833333,0.85,0.866667,0.883333,0.883333,0.9
15,1x3,1.0,SHARK2*freq,0.6,0.733333,0.783333,0.8,0.833333,0.833333,0.833333,0.85,0.85,0.85,0.866667,0.883333
15,1x3,1.0,DTW*freq,0.633333,0.816667,0.85,0.9,0.9,0.916667,0.933333,0.95,0.95,0.95,0.95,0.95
15,1x3,1.0,SHARK2(cut),0.5,0.683333,0.7,0.7,0.733333,0.75,0.766667,0.8,0.8,0.833333,0.85,0.883333
15,1x3,1.0,DTW(cut),0.5,0.7,0.733333,0.766667,0.8,0.816667,0.833333,0.85,0.866667,0.883333,0.883333,0.9
15,1x3,1.25,SHARK2,0.606557,0.721311,0.836066,0.885246,0.901639,0.934426,0.934426,0.934426,0.95082,0.95082,0.95082,0.95082
15,1x3,1.25,DTW,0.622951,0.737705,0.803279,0.852459,0.901639,0.901639,0.901639,0.918033,0.934426,0.934426,0.95082,0.95082
15,1x3,1.25,SHARK2*freq,0.704918,0.770492,0.868852,0.934426,0.934426,0.95082,0.95082,0.967213,0.967213,0.967213,0.967213,0.967213
15,1x3,1.25,DTW*freq,0.737705,0.885246,0.934426,0.934426,0.934426,0.934426,0.95082,0.95082,0.95082,0.95082,0.967213,0.967213
15,1x3,1.25,SHARK2(cut),0.606557,0.721311,0.836066,0.885246,0.901639,0.934426,0.934426,0.934426,0.95082,0.95082,0.95082,0.95082
15,1x3,1.25,DTW(cut),0.622951,0.737705,0.803279,0.852459,0.901639,0.901639,0.901639,0.918033,0.934426,0.934426,0.95082,0.95082
16,1x1,0.75,SHARK2,0.392857,0.535714,0.553571,0.607143,0.660714,0.696429,0.714286,0.732143,0.75,0.767857,0.767857,0.767857
16,1x1,0.75,DTW,0.625,0.714286,0.785714,0.785714,0.785714,0.785714,0.803571,0.803571,0.803571,0.803571,0.803571,0.839286
16,1x1,0.75,SHARK2*freq,0.517857,0.625,0.678571,0.696429,0.732143,0.767857,0.767857,0.803571,0.821429,0.821429,0.821429,0.821429
16,1x1,0.75,DTW*freq,0.696429,0.803571,0.839286,0.839286,0.839286,0.839286,0.875,0.892857,0.892857,0.892857,0.892857,0.892857
16,1x1,0.75,SHARK2(cut),0.428571,0.571429,0.607143,0.660714,0.696429,0.75,0.75,0.767857,0.785714,0.785714,0.785714,0.785714
16,1x1,0.75,DTW(cut),0.625,0.732143,0.803571,0.821429,0.821429,0.821429,0.821429,0.821429,0.821429,0.821429,0.821429,0.857143
16,1x1,1.0,SHARK2,0.344828,0.5,0.568966,0.62069,0.655172,0.655172,0.672414,0.689655,0.706897,0.706897,0.724138,0.724138
16,1x1,1.0,DTW,0.672414,0.810345,0.87931,0.87931,0.896552,0.913793,0.913793,0.913793,0.913793,0.913793,0.913793,0.913793
16,1x1,1.0,SHARK2*freq,0.534483,0.586207,0.672414,0.724138,0.724138,0.741379,0.741379,0.758621,0.775862,0.793103,0.810345,0.844828
16,1x1,1.0,DTW*freq,0.672414,0.862069,0.948276,0.948276,0.948276,0.948276,0.965517,0.965517,0.965517,0.965517,0.965517,0.982759
16,1x1,1.0,SHARK2(cut),0.396552,0.534483,0.603448,0.672414,0.689655,0.689655,0.706897,0.706897,0.706897,0.706897,0.724138,0.724138
16,1x1,1.0,DTW(cut),0.706897,0.810345,0.87931,0.896552,0.913793,0.913793,0.913793,0.913793,0.913793,0.913793,0.913793,0.913793
16,1x1,1.25,SHARK2,0.322581,0.403226,0.483871,0.516129,0.532258,0.548387,0.580645,0.596774,0.612903,0.66129,0.677419,0.677419
16,1x1,1.25,DTW,0.580645,0.774194,0.790323,0.83871,0.854839,0.903226,0.903226,0.903226,0.919355,0.951613,0.951613,0.951613
16,1x1,1.25,SHARK2*freq,0.387097,0.516129,0.612903,0.645161,0.693548,0.709677,0.725806,0.725806,0.741935,0.741935,0.758065,0.758065
16,1x1,1.25,DTW*freq,0.709677,0.854839,0.887097,0.935484,0.951613,0.951613,0.951613,0.951613,0.951613,0.951613,0.951613,0.951613
16,1x1,1.25,SHARK2(cut),0.322581,0.419355,0.516129,0.548387,0.564516,0.596774,0.629032,0.645161,0.677419,0.709677,0.725806,0.725806
16,1x1,1.25,DTW(cut),0.612903,0.790323,0.806452,0.83871,0.870968,0.919355,0.919355,0.919355,0.919355,0.951613,0.951613,0.951613
16,1x3,0.75,SHARK2,0.553571,0.678571,0.678571,0.714286,0.767857,0.767857,0.785714,0.785714,0.785714,0.803571,0.821429,0.839286
16,1x3,0.75,DTW,0.696429,0.875,0.892857,0.928571,0.946429,0.946429,0.946429,0.946429,0.964286,0.964286,0.964286,0.964286
16,1x3,0.75,SHARK2*freq,0.625,0.714286,0.732143,0.75,0.785714,0.785714,0.785714,0.821429,0.821429,0.839286,0.875,0.875
16,1x3,0.75,DTW*freq,0.875,0.964286,0.982143,0.982143,0.982143,0.982143,0.982143,0.982143,0.982143,0.982143,0.982143,0.982143
16,1x3,0.75,SHARK2(cut),0.571429,0.696429,0.696429,0.75,0.785714,0.785714,0.785714,0.785714,0.785714,0.803571,0.821429,0.839286
16,1x3,0.75,DTW(cut),0.714286,0.875,0.892857,0.928571,0.946429,0.946429,0.946429,0.946429,0.964286,0.964286,0.964286,0.964286
16,1x3,1.0,SHARK2,0.603448,0.724138,0.793103,0.862069,0.862069,0.862069,0.87931,0.87931,0.896552,0.913793,0.931034,0.931034
16,1x3,1.0,DTW,0.775862,0.896552,0.913793,0.965517,0.982759,0.982759,1,1,1,1,1,1
16,1x3,1.0,SHARK2*freq,0.706897,0.758621,0.827586,0.87931,0.87931,0.87931,0.87931,0.896552,0.896552,0.931034,0.931034,0.948276
16,1x3,1.0,DTW*freq,0.844828,0.948276,0.965517,1,1,1,1,1,1,1,1,1
16,1x3,1.0,SHARK2(cut),0.603448,0.724138,0.793103,0.862069,0.862069,0.862069,0.87931,0.87931,0.896552,0.913793,0.931034,0.931034
16,1x3,1.0,DTW(cut),0.775862,0.896552,0.913793,0.965517,0.982759,0.982759,1,1,1,1,1,1
16,1x3,1.25,SHARK2,0.419355,0.516129,0.66129,0.709677,0.741935,0.774194,0.806452,0.83871,0.870968,0.870968,0.870968,0.903226
16,1x3,1.25,DTW,0.709677,0.758065,0.822581,0.887097,0.935484,0.935484,0.935484,0.951613,0.951613,0.967742,0.967742,0.967742
16,1x3,1.25,SHARK2*freq,0.564516,0.693548,0.790323,0.822581,0.854839,0.870968,0.870968,0.887097,0.887097,0.919355,0.935484,0.935484
16,1x3,1.25,DTW*freq,0.806452,0.870968,0.951613,0.951613,0.967742,0.983871,0.983871,0.983871,0.983871,0.983871,0.983871,0.983871
16,1x3,1.25,SHARK2(cut),0.419355,0.516129,0.66129,0.709677,0.741935,0.774194,0.806452,0.83871,0.870968,0.870968,0.870968,0.903226
16,1x3,1.25,DTW(cut),0.709677,0.758065,0.822581,0.887097,0.935484,0.935484,0.935484,0.951613,0.951613,0.967742,0.967742,0.967742
17,1x1,0.75,SHARK2,0.37931,0.465517,0.551724,0.62069,0.689655,0.724138,0.741379,0.758621,0.758621,0.758621,0.775862,0.793103
17,1x1,0.75,DTW,0.448276,0.741379,0.862069,0.896552,0.913793,0.913793,0.913793,0.913793,0.913793,0.931034,0.931034,0.931034
17,1x1,0.75,SHARK2*freq,0.482759,0.637931,0.672414,0.706897,0.724138,0.758621,0.793103,0.810345,0.810345,0.862069,0.862069,0.862069
17,1x1,0.75,DTW*freq,0.689655,0.810345,0.896552,0.913793,0.948276,0.948276,0.948276,0.965517,0.965517,0.982759,0.982759,0.982759
17,1x1,0.75,SHARK2(cut),0.37931,0.5,0.586207,0.62069,0.655172,0.689655,0.689655,0.689655,0.689655,0.689655,0.724138,0.741379
17,1x1,0.75,DTW(cut),0.431034,0.706897,0.810345,0.827586,0.844828,0.844828,0.862069,0.862069,0.862069,0.87931,0.87931,0.87931
17,1x1,1.0,SHARK2,0.444444,0.555556,0.603175,0.619048,0.68254,0.746032,0.761905,0.777778,0.809524,0.809524,0.809524,0.825397
17,1x1,1.0,DTW,0.587302,0.650794,0.730159,0.793651,0.809524,0.84127,0.857143,0.857143,0.873016,0.904762,0.904762,0.920635
17,1x1,1.0,SHARK2*freq,0.619048,0.730159,0.777778,0.793651,0.809524,0.825397,0.825397,0.857143,0.904762,0.904762,0.904762,0.920635
17,1x1,1.0,DTW*freq,0.777778,0.84127,0.904762,0.936508,0.936508,0.968254,0.968254,0.968254,0.984127,1,1,1
17,1x1,1.0,SHARK2(cut),0.428571,0.555556,0.603175,0.634921,0.730159,0.761905,0.793651,0.809524,0.84127,0.84127,0.84127,0.857143
17,1x1,1.0,DTW(cut),0.603175,0.666667,0.730159,0.777778,0.809524,0.84127,0.857143,0.857143,0.873016,0.904762,0.904762,0.920635
17,1x1,1.25,SHARK2,0.363636,0.472727,0.545455,0.636364,0.672727,0.690909,0.781818,0.836364,0.836364,0.854545,0.854545,0.854545
17,1x1,1.25,DTW,0.527273,0.690909,0.727273,0.763636,0.763636,0.8,0.8,0.836364,0.872727,0.872727,0.872727,0.872727
17,1x1,1.25,SHARK2*freq,0.454545,0.545455,0.636364,0.672727,0.763636,0.763636,0.818182,0.836364,0.854545,0.872727,0.890909,0.890909
17,1x1,1.25,DTW*freq,0.6,0.781818,0.8,0.818182,0.872727,0.890909,0.909091,0.927273,0.927273,0.945455,0.981818,0.981818
17,1x1,1.25,SHARK2(cut),0.381818,0.490909,0.563636,0.654545,0.690909,0.709091,0.763636,0.818182,0.818182,0.836364,0.836364,0.836364
17,1x1,1.25,DTW(cut),0.527273,0.672727,0.727273,0.763636,0.763636,0.781818,0.781818,0.836364,0.872727,0.872727,0.872727,0.872727
17,1x3,0.75,SHARK2,0.517241,0.672414,0.741379,0.758621,0.793103,0.810345,0.810345,0.844828,0.862069,0.87931,0.87931,0.87931
17,1x3,0.75,DTW,0.551724,0.689655,0.793103,0.810345,0.810345,0.827586,0.844828,0.862069,0.87931,0.913793,0.948276,0.965517
17,1x3,0.75,SHARK2*freq,0.637931,0.741379,0.775862,0.810345,0.827586,0.862069,0.862069,0.87931,0.896552,0.913793,0.913793,0.913793
17,1x3,0.75,DTW*freq,0.672414,0.810345,0.862069,0.87931,0.896552,0.913793,0.913793,0.948276,0.948276,0.948276,0.965517,0.982759
17,1x3,0.75,SHARK2(cut),0.5,0.655172,0.741379,0.775862,0.810345,0.844828,0.844828,0.844828,0.862069,0.87931,0.87931,0.87931
17,1x3,0.75,DTW(cut),0.551724,0.689655,0.793103,0.810345,0.810345,0.844828,0.844828,0.862069,0.87931,0.913793,0.948276,0.965517
17,1x3,1.0,SHARK2,0.507937,0.666667,0.746032,0.777778,0.793651,0.809524,0.825397,0.84127,0.873016,0.873016,0.873016,0.873016
17,1x3,1.0,DTW,0.52381,0.603175,0.698413,0.746032,0.761905,0.793651,0.857143,0.873016,0.904762,0.920635,0.920635,0.920635
17,1x3,1.0,SHARK2*freq,0.619048,0.746032,0.777778,0.809524,0.825397,0.84127,0.873016,0.873016,0.904762,0.904762,0.904762,0.904762
17,1x3,1.0,DTW*freq,0.698413,0.746032,0.793651,0.84127,0.873016,0.873016,0.888889,0.904762,0.920635,0.952381,0.952381,0.952381
17,1x3,1.0,SHARK2(cut),0.507937,0.666667,0.746032,0.777778,0.793651,0.809524,0.825397,0.84127,0.873016,0.873016,0.873016,0.873016
17,1x3,1.0,DTW(cut),0.52381,0.603175,0.698413,0.746032,0.761905,0.809524,0.857143,0.873016,0.904762,0.920635,0.920635,0.920635
17,1x3,1.25,SHARK2,0.545455,0.709091,0.727273,0.763636,0.818182,0.854545,0.872727,0.909091,0.909091,0.909091,0.909091,0.909091
17,1x3,1.25,DTW,0.527273,0.654545,0.763636,0.818182,0.836364,0.836364,0.872727,0.890909,0.909091,0.927273,0.945455,0.945455
17,1x3,1.25,SHARK2*freq,0.672727,0.781818,0.781818,0.818182,0.854545,0.872727,0.890909,0.927273,0.927273,0.927273,0.927273,0.927273
17,1x3,1.25,DTW*freq,0.654545,0.727273,0.8,0.836364,0.872727,0.872727,0.890909,0.909091,0.927273,0.927273,0.927273,0.927273
17,1x3,1.25,SHARK2(cut),0.545455,0.709091,0.727273,0.763636,0.818182,0.854545,0.872727,0.909091,0.909091,0.909091,0.909091,0.909091
17,1x3,1.25,DTW(cut),0.527273,0.654545,0.763636,0.818182,0.836364,0.836364,0.872727,0.890909,0.909091,0.927273,0.945455,0.945455
18,1x1,0.75,SHARK2,0.265625,0.359375,0.453125,0.515625,0.53125,0.53125,0.578125,0.609375,0.625,0.625,0.640625,0.671875
18,1x1,0.75,DTW,0.265625,0.390625,0.484375,0.484375,0.53125,0.546875,0.578125,0.59375,0.609375,0.609375,0.65625,0.65625
18,1x1,0.75,SHARK2*freq,0.359375,0.484375,0.515625,0.546875,0.609375,0.625,0.625,0.640625,0.640625,0.640625,0.671875,0.703125
18,1x1,0.75,DTW*freq,0.40625,0.515625,0.578125,0.609375,0.625,0.625,0.65625,0.703125,0.734375,0.75,0.75,0.75
18,1x1,0.75,SHARK2(cut),0.265625,0.359375,0.40625,0.421875,0.453125,0.453125,0.5,0.53125,0.53125,0.546875,0.546875,0.59375
18,1x1,0.75,DTW(cut),0.25,0.40625,0.4375,0.4375,0.453125,0.46875,0.515625,0.53125,0.546875,0.546875,0.578125,0.59375
18,1x1,1.0,SHARK2,0.262295,0.327869,0.344262,0.344262,0.377049,0.409836,0.442623,0.459016,0.47541,0.491803,0.491803,0.491803
18,1x1,1.0,DTW,0.278689,0.360656,0.409836,0.459016,0.47541,0.540984,0.590164,0.590164,0.606557,0.606557,0.622951,0.639344
18,1x1,1.0,SHARK2*freq,0.360656,0.42623,0.459016,0.459016,0.47541,0.540984,0.557377,0.57377,0.590164,0.606557,0.606557,0.622951
18,1x1,1.0,DTW*freq,0.42623,0.491803,0.540984,0.590164,0.590164,0.606557,0.639344,0.639344,0.639344,0.704918,0.737705,0.737705
18,1x1,1.0,SHARK2(cut),0.196721,0.278689,0.295082,0.311475,0.344262,0.344262,0.377049,0.377049,0.377049,0.377049,0.377049,0.377049
18,1x1,1.0,DTW(cut),0.229508,0.262295,0.327869,0.393443,0.42623,0.459016,0.459016,0.47541,0.508197,0.52459,0.540984,0.557377
18,1x1,1.25,SHARK2,0.294118,0.352941,0.45098,0.45098,0.509804,0.54902,0.54902,0.54902,0.568627,0.568627,0.588235,0.607843
18,1x1,1.25,DTW,0.372549,0.509804,0.607843,0.666667,0.666667,0.686275,0.705882,0.72549,0.72549,0.745098,0.764706,0.784314
18,1x1,1.25,SHARK2*freq,0.352941,0.490196,0.588235,0.588235,0.607843,0.627451,0.627451,0.627451,0.647059,0.666667,0.705882,0.745098
18,1x1,1.25,DTW*freq,0.509804,0.647059,0.745098,0.784314,0.803922,0.843137,0.843137,0.862745,0.862745,0.862745,0.862745,0.882353
18,1x1,1.25,SHARK2(cut),0.254902,0.333333,0.45098,0.45098,0.490196,0.529412,0.529412,0.529412,0.568627,0.568627,0.588235,0.607843
18,1x1,1.25,DTW(cut),0.372549,0.490196,0.588235,0.647059,0.647059,0.666667,0.686275,0.705882,0.705882,0.72549,0.745098,0.764706
18,1x3,0.75,SHARK2,0.359375,0.546875,0.59375,0.625,0.625,0.65625,0.65625,0.65625,0.6875,0.71875,0.75,0.765625
18,1x3,0.75,DTW,0.359375,0.515625,0.546875,0.578125,0.609375,0.6875,0.6875,0.734375,0.734375,0.765625,0.78125,0.78125
18,1x3,0.75,SHARK2*freq,0.453125,0.578125,0.59375,0.625,0.640625,0.65625,0.6875,0.703125,0.734375,0.75,0.78125,0.828125
18,1x3,0.75,DTW*freq,0.453125,0.546875,0.640625,0.65625,0.703125,0.75,0.765625,0.765625,0.765625,0.78125,0.796875,0.828125
18,1x3,0.75,SHARK2(cut),0.421875,0.53125,0.609375,0.625,0.625,0.65625,0.65625,0.65625,0.6875,0.734375,0.765625,0.78125
18,1x3,0.75,DTW(cut),0.375,0.5,0.53125,0.5625,0.59375,0.6875,0.6875,0.734375,0.734375,0.765625,0.78125,0.796875
18,1x3,1.0,SHARK2,0.409836,0.540984,0.622951,0.672131,0.721311,0.737705,0.754098,0.770492,0.803279,0.803279,0.819672,0.819672
18,1x3,1.0,DTW,0.409836,0.57377,0.672131,0.704918,0.737705,0.754098,0.786885,0.819672,0.819672,0.819672,0.836066,0.836066
18,1x3,1.0,SHARK2*freq,0.508197,0.655738,0.721311,0.737705,0.770492,0.786885,0.836066,0.836066,0.836066,0.852459,0.852459,0.852459
18,1x3,1.0,DTW*freq,0.540984,0.688525,0.770492,0.786885,0.786885,0.803279,0.836066,0.868852,0.868852,0.885246,0.901639,0.901639
18,1x3,1.0,SHARK2(cut),0.393443,0.508197,0.606557,0.655738,0.704918,0.721311,0.737705,0.754098,0.786885,0.786885,0.803279,0.803279
18,1x3,1.0,DTW(cut),0.393443,0.557377,0.655738,0.688525,0.721311,0.737705,0.770492,0.803279,0.803279,0.803279,0.819672,0.819672
18,1x3,1.25,SHARK2,0.352941,0.470588,0.509804,0.529412,0.54902,0.54902,0.54902,0.607843,0.647059,0.666667,0.666667,0.686275
18,1x3,1.25,DTW,0.470588,0.568627,0.607843,0.666667,0.705882,0.784314,0.784314,0.803922,0.803922,0.843137,0.843137,0.843137
18,1x3,1.25,SHARK2*freq,0.392157,0.529412,0.54902,0.54902,0.568627,0.568627,0.588235,0.647059,0.647059,0.647059,0.666667,0.686275
18,1x3,1.25,DTW*freq,0.588235,0.647059,0.705882,0.72549,0.764706,0.784314,0.803922,0.823529,0.823529,0.882353,0.882353,0.901961
18,1x3,1.25,SHARK2(cut),0.352941,0.470588,0.509804,0.529412,0.54902,0.54902,0.54902,0.607843,0.647059,0.666667,0.666667,0.686275
18,1x3,1.25,DTW(cut),0.470588,0.568627,0.607843,0.666667,0.705882,0.784314,0.784314,0.803922,0.803922,0.843137,0.843137,0.843137