id,scale,size,word,time,time/length
1,1x3,1,the,0.58433,0.194777
1,1x3,1,quick,0.79952,0.159904
1,1x3,1,brown,1.07626,0.215252
1,1x3,1,fox,0.61512,0.20504
1,1x3,1,jumps,1.04546,0.209092
1,1x3,1,over,0.89175,0.222937
1,1x3,1,the,0.55344,0.18448
1,1x3,1,lazy,0.86101,0.215252
1,1x3,1,dog,0.70721,0.235737
1,1x3,1,the,0.55352,0.184507
1,1x3,1,five,0.86099,0.215247
1,1x3,1,boxing,1.19925,0.199875
1,1x3,1,wizards,1.13769,0.162527
1,1x3,1,jump,0.86098,0.215245
1,1x3,1,quickly,1.16854,0.166934
1,1x3,1,thank,1.13789,0.227578
1,1x3,1,you,0.64572,0.21524
1,1x3,1,for,0.61506,0.20502
1,1x3,1,your,0.70729,0.176823
1,1x3,1,help,0.95334,0.238335
1,1x3,1,take,0.83029,0.207573
1,1x3,1,a,0.06149,0.06149
1,1x3,1,coffee,0.9532,0.158867
1,1x3,1,break,1.19934,0.239868
1,1x3,1,do,0.67656,0.33828
1,1x3,1,you,0.79958,0.266527
1,1x3,1,get,0.70735,0.235783
1,1x3,1,nervous,2.09109,0.298727
1,1x3,1,when,0.95329,0.238323
1,1x3,1,you,0.76882,0.256273
1,1x3,1,speak,1.32229,0.264458
1,1x3,1,sad,0.861,0.287
1,1x3,1,to,0.43053,0.215265
1,1x3,1,hear,0.95332,0.23833
1,1x3,1,that,0.95323,0.238307
1,1x3,1,news,0.95332,0.23833
1,1x3,1,a,0.03074,0.03074
1,1x3,1,much,0.73806,0.184515
1,1x3,1,higher,1.23003,0.205005
1,1x3,1,risk,0.9841,0.246025
1,1x3,1,of,0.49213,0.246065
1,1x3,1,getting,1.23006,0.175723
1,1x3,1,cancer,1.53762,0.25627
1,1x3,1,please,1.44537,0.240895
1,1x3,1,follow,1.32237,0.220395
1,1x3,1,the,0.67659,0.22553
1,1x3,1,guidelines,2.52172,0.252172
1,1x3,1,world,1.07634,0.215268
1,1x3,1,population,1.99897,0.199897
1,1x3,1,is,0.46131,0.230655
1,1x3,1,growing,1.69134,0.24162
1,1x3,1,reading,1.4455,0.2065
1,1x3,1,week,0.7381,0.184525
1,1x3,1,is,0.7996,0.3998
1,1x3,1,just,0.9534,0.23835
1,1x3,1,about,0.9841,0.19682
1,1x3,1,here,0.8919,0.222975
1,1x3,1,this,0.7996,0.1999
1,1x3,1,is,0.3383,0.16915
1,1x3,1,a,0.0308,0.0308
1,1x3,1,very,0.6458,0.16145
1,1x3,1,good,0.7074,0.17685
1,1x3,1,idea,0.8612,0.2153
1,1x3,1,do,0.5535,0.27675
1,1x3,1,not,0.8612,0.287067
1,1x3,1,walk,0.9534,0.23835
1,1x3,1,too,0.6151,0.205033
1,1x3,1,quickly,1.1071,0.158157
1,1x3,1,express,1.3225,0.188929
1,1x3,1,delivery,1.6299,0.203738
1,1x3,1,is,0.3997,0.19985
1,1x3,1,very,0.7073,0.176825
1,1x3,1,fast,0.8918,0.22295
1,1x3,1,my,0.4614,0.2307
1,1x3,1,car,0.6766,0.225533
1,1x3,1,always,1.7532,0.2922
1,1x3,1,breaks,1.1994,0.1999
1,1x3,1,in,0.5844,0.2922
1,1x3,1,the,0.7996,0.266533
1,1x3,1,winter,1.7529,0.29215
1,1x3,1,question,1.5377,0.192213
1,1x3,1,that,0.6766,0.16915
1,1x3,1,must,0.7688,0.1922
1,1x3,1,be,0.5228,0.2614
1,1x3,1,answered,2.891,0.361375
1,1x3,1,interesting,2.6756,0.243236
1,1x3,1,observation,2.6757,0.243245
1,1x3,1,was,0.7073,0.235767
1,1x3,1,made,1.1994,0.29985
1,1x3,1,bad,0.7687,0.256233
1,1x3,1,for,0.6459,0.2153
1,1x3,1,the,0.5536,0.184533
1,1x3,1,environment,3.5983,0.327118
1,1x3,1,is,0.4613,0.23065
1,1x3,1,there,1.1072,0.22144
1,1x3,1,any,0.7689,0.2563
1,1x3,1,indication,1.8761,0.18761
1,1x3,1,of,0.3997,0.19985
1,1x3,1,this,0.9533,0.238325
1,1x3,1,file,1.0149,0.253725
1,1x3,1,all,0.4921,0.164033
1,1x3,1,complaints,2.2759,0.22759
1,1x3,1,in,0.7381,0.36905
1,1x3,1,writing,1.4148,0.202114
1,1x3,1,our,0.9535,0.317833
1,1x3,1,fax,0.6151,0.205033
1,1x3,1,number,1.3225,0.220417
1,1x3,1,has,0.6151,0.205033
1,1x3,1,changed,1.3531,0.1933
1,1x3,1,construction,2.6756,0.222967
1,1x3,1,makes,1.0764,0.21528
1,1x3,1,traveling,2.0299,0.225544
1,1x3,1,difficult,1.7222,0.191356
1,1x3,1,a,0.0923,0.0923
1,1x3,1,quarter,1.261,0.180143
1,1x3,1,of,0.4306,0.2153
1,1x3,1,a,0.0615,0.0615
1,1x3,1,century,1.5685,0.224071
1,1x3,1,our,0.5228,0.174267
1,1x3,1,silver,1.4147,0.235783
1,1x3,1,anniversary,1.9991,0.181736
1,1x3,1,is,0.492,0.246
1,1x3,1,coming,1.2916,0.215267
1,1x3,1,watch,0.8919,0.17838
1,1x3,1,out,0.5536,0.184533
1,1x3,1,for,0.615,0.205
1,1x3,1,low,0.8612,0.287067
1,1x3,1,flying,1.4147,0.235783
1,1x3,1,objects,1.5685,0.224071
1,1x3,1,the,0.5843,0.194767
1,1x3,1,location,1.63,0.20375
1,1x3,1,of,0.369,0.1845
1,1x3,1,the,0.6151,0.205033
1,1x3,1,crime,1.261,0.2522
1,1x3,1,want,0.8304,0.2076
1,1x3,1,to,0.3383,0.16915
1,1x3,1,join,1.0149,0.253725
1,1x3,1,us,0.5228,0.2614
1,1x3,1,for,0.6304,0.210133
1,1x3,1,lunch,1.3225,0.2645
1,1x3,1,travel,1.384,0.230667
1,1x3,1,at,0.3998,0.1999
1,1x3,1,the,0.615,0.205
1,1x3,1,speed,0.8919,0.17838
1,1x3,1,of,0.3691,0.18455
1,1x3,1,light,1.0149,0.20298
1,1x3,1,,0.0616,inf
1,1x3,1,,0.5536,inf
1,1x3,1,can,0.5843,0.194767
1,1x3,1,still,0.7381,0.14762
1,1x3,1,feel,0.7996,0.1999
1,1x3,1,your,1.8761,0.469025
1,1x3,1,every,0.9842,0.19684
1,1x3,1,apple,0.8919,0.17838
1,1x3,1,from,1.2302,0.30755
1,1x3,1,every,0.8303,0.16606
1,1x3,1,tree,0.6151,0.153775
1,1x3,1,you,0.5845,0.194833
1,1x3,1,will,0.6151,0.153775
1,1x3,1,loose,1.1686,0.23372
1,1x3,1,your,0.892,0.223
1,1x3,1,voice,1.4148,0.28296
1,1x3,1,what,0.8612,0.2153
1,1x3,1,you,0.5844,0.1948
1,1x3,1,see,0.4306,0.143533
1,1x3,1,is,0.3999,0.19995
1,1x3,1,what,0.7381,0.184525
1,1x3,1,you,0.5843,0.194767
1,1x3,1,get,0.6458,0.215267
1,1x3,1,please,1.2918,0.2153
1,1x3,1,provide,1.4763,0.2109
1,1x3,1,your,0.8303,0.207575
1,1x3,1,date,0.8918,0.22295
1,1x3,1,of,0.5844,0.2922
1,1x3,1,birth,1.261,0.2522
1,1x3,1,in,0.6459,0.32295
1,1x3,1,sharp,0.9227,0.18454
1,1x3,1,contrast,1.5686,0.196075
1,1x3,1,to,0.5843,0.29215
1,1x3,1,your,0.7381,0.184525
1,1x3,1,words,1.1071,0.22142
1,1x3,1,my,0.5843,0.29215
1,1x3,1,preferred,1.9069,0.211878
1,1x3,1,treat,0.9842,0.19684
1,1x3,1,is,0.4306,0.2153
1,1x3,1,chocolate,2.1836,0.242622
1,1x3,1,always,1.2918,0.2153
1,1x3,1,cover,1.4763,0.29526
1,1x3,1,all,0.5844,0.1948
1,1x3,1,the,0.7382,0.246067
1,1x3,1,bases,1.1071,0.22142
1,1x3,1,can,0.7997,0.266567
1,1x3,1,we,0.3998,0.1999
1,1x3,1,play,1.3841,0.346025
1,1x3,1,cards,1.2917,0.25834
1,1x3,1,tonight,1.3533,0.193329
1,1x3,1,accompanied,2.891,0.262818
1,1x3,1,by,0.4922,0.2461
1,1x3,1,an,0.5228,0.2614
1,1x3,1,adult,1.1072,0.22144
1,1x3,1,the,0.6766,0.225533
1,1x3,1,objective,2.1838,0.242644
1,1x3,1,of,0.492,0.246
1,1x3,1,the,0.6151,0.205033
1,1x3,1,exercise,2.0298,0.253725
1,1x3,1,where,1.1072,0.22144
1,1x3,1,can,0.7689,0.2563
1,1x3,1,my,0.5229,0.26145
1,1x3,1,little,1.261,0.210167
1,1x3,1,dog,0.7074,0.2358
1,1x3,1,be,0.5229,0.26145
1,1x3,1,soon,0.9842,0.24605
1,1x3,1,we,0.5536,0.2768
1,1x3,1,will,0.738,0.1845
1,1x3,1,return,1.7223,0.28705
1,1x3,1,from,1.0456,0.2614
1,1x3,1,the,0.7073,0.235767
1,1x3,1,city,1.138,0.2845
2,1x3,1,the,1.8134,0.604467
2,1x3,1,quick,2.7353,0.54706
2,1x3,1,brown,3.688,0.7376
2,1x3,1,fox,2.3358,0.7786
2,1x3,1,jumps,3.3807,0.67614
2,1x3,1,over,2.7354,0.68385
2,1x3,1,the,1.9362,0.6454
2,1x3,1,lazy,2.6123,0.653075
2,1x3,1,dog,1.9976,0.665867
2,1x3,1,the,1.7826,0.5942
2,1x3,1,five,2.7969,0.699225
2,1x3,1,boxing,3.5958,0.5993
2,1x3,1,wizards,4.6716,0.667371
2,1x3,1,jump,2.5816,0.6454
2,1x3,1,quickly,3.811,0.544429
2,1x3,1,why,1.6597,0.553233
2,1x3,1,do,1.0757,0.53785
2,1x3,1,you,1.5367,0.512233
2,1x3,1,ask,1.9364,0.645467
2,1x3,1,silly,2.5203,0.50406
2,1x3,1,questions,4.5488,0.505422
2,1x3,1,with,2.2436,0.5609
2,1x3,1,each,1.752,0.438
2,1x3,1,step,2.1822,0.54555
2,1x3,1,forward,3.3809,0.482986
2,1x3,1,reading,2.7355,0.390786
2,1x3,1,week,1.8748,0.4687
2,1x3,1,is,1.1065,0.55325
2,1x3,1,just,1.8136,0.4534
2,1x3,1,about,2.5819,0.51638
2,1x3,1,here,1.7519,0.437975
2,1x3,1,my,1.1065,0.55325
2,1x3,1,car,1.9671,0.6557
2,1x3,1,always,3.4731,0.57885
2,1x3,1,breaks,3.1044,0.5174
2,1x3,1,in,1.1064,0.5532
2,1x3,1,the,1.9672,0.655733
2,1x3,1,winter,3.4425,0.57375
2,1x3,1,watch,2.0286,0.40572
2,1x3,1,out,1.1065,0.368833
2,1x3,1,for,2.1207,0.7069
2,1x3,1,low,1.4753,0.491767
2,1x3,1,flying,3.012,0.502
2,1x3,1,objects,4.457,0.636714
2,1x3,1,are,1.2909,0.4303
2,1x3,1,you,1.3523,0.450767
2,1x3,1,sure,1.9672,0.4918
2,1x3,1,you,1.3832,0.461067
2,1x3,1,want,2.0594,0.51485
2,1x3,1,this,2.0594,0.51485
2,1x3,1,express,2.705,0.386429
2,1x3,1,delivery,3.3196,0.41495
2,1x3,1,is,1.168,0.584
2,1x3,1,very,1.5061,0.376525
2,1x3,1,fast,1.8136,0.4534
2,1x3,1,do,1.1988,0.5994
2,1x3,1,you,1.4139,0.4713
2,1x3,1,like,2.1516,0.5379
2,1x3,1,to,1.0144,0.5072
2,1x3,1,shop,1.629,0.40725
2,1x3,1,on,2.2439,1.12195
2,1x3,1,,3.1045,inf
2,1x3,1,what,2.3974,0.59935
2,1x3,1,you,1.1373,0.3791
2,1x3,1,see,1.0142,0.338067
2,1x3,1,is,0.922,0.461
2,1x3,1,what,1.967,0.49175
2,1x3,1,you,1.1373,0.3791
2,1x3,1,get,1.3832,0.461067
2,1x3,1,,4.4261,inf
2,1x3,1,ebruary,1.2909,0.184414
2,1x3,1,has,1.2602,0.420067
2,1x3,1,an,2.8277,1.41385
2,1x3,1,extra,1.5675,0.3135
2,1x3,1,destruction,5.471,0.497364
2,1x3,1,of,1.2602,0.6301
2,1x3,1,the,1.3831,0.461033
2,1x3,1,rain,1.9978,0.49945
2,1x3,1,forest,3.1043,0.517383
2,1x3,1,a,0.1229,0.1229
2,1x3,1,picture,2.7662,0.395171
2,1x3,1,is,0.8606,0.4303
2,1x3,1,worth,2.2746,0.45492
2,1x3,1,many,2.1823,0.545575
2,1x3,1,words,2.2131,0.44262
2,1x3,1,shall,1.8748,0.37496
2,1x3,1,we,0.8299,0.41495
2,1x3,1,play,1.6597,0.414925
2,1x3,1,a,0.1229,0.1229
2,1x3,1,round,2.4588,0.49176
2,1x3,1,of,0.5531,0.27655
2,1x3,1,cards,2.0901,0.41802
2,1x3,1,a,0.0922,0.0922
2,1x3,1,dog,1.6291,0.543033
2,1x3,1,is,0.8913,0.44565
2,1x3,1,the,1.3216,0.440533
2,1x3,1,best,1.875,0.46875
2,1x3,1,friend,2.9201,0.486683
2,1x3,1,of,1.2603,0.63015
2,1x3,1,a,0.1228,0.1228
2,1x3,1,man,2.1518,0.717267
2,1x3,1,this,1.9671,0.491775
2,1x3,1,phenomenon,6.5776,0.65776
2,1x3,1,will,1.3216,0.3304
2,1x3,1,never,2.4896,0.49792
2,1x3,1,occur,2.8584,0.57168
2,1x3,1,traveling,3.9343,0.437144
2,1x3,1,requires,3.1659,0.395737
2,1x3,1,a,0.0923,0.0923
2,1x3,1,lot,1.2909,0.4303
2,1x3,1,of,0.9529,0.47645
2,1x3,1,fuel,1.9363,0.484075
2,1x3,1,they,1.7211,0.430275
2,1x3,1,watched,1.998,0.285429
2,1x3,1,the,1.5062,0.502067
2,1x3,1,entire,2.5204,0.420067
2,1x3,1,movie,3.2582,0.65164
2,1x3,1,world,2.9199,0.58398
2,1x3,1,population,4.4877,0.44877
2,1x3,1,is,1.168,0.584
2,1x3,1,growing,3.4118,0.4874
2,1x3,1,this,1.6596,0.4149
2,1x3,1,is,0.9835,0.49175
2,1x3,1,a,0.3074,0.3074
2,1x3,1,very,1.4445,0.361125
2,1x3,1,good,1.6597,0.414925
2,1x3,1,idea,1.9055,0.476375
2,1x3,1,please,3.4113,0.56855
2,1x3,1,follow,2.2129,0.368817
2,1x3,1,the,1.4444,0.481467
2,1x3,1,guidelines,4.7943,0.47943
2,1x3,1,,0.2151,inf
2,1x3,1,,1.1986,inf
2,1x3,1,can,1.8132,0.6044
2,1x3,1,still,1.4138,0.28276
2,1x3,1,feel,1.5674,0.39185
2,1x3,1,your,4.9175,1.22938
2,1x3,1,do,1.5059,0.75295
2,1x3,1,not,1.6596,0.5532
2,1x3,1,feel,1.9363,0.484075
2,1x3,1,too,1.3831,0.461033
2,1x3,1,bad,1.7826,0.5942
2,1x3,1,about,2.2743,0.45486
2,1x3,1,it,1.4137,0.70685
2,1x3,1,are,1.4445,0.4815
2,1x3,1,you,1.26,0.42
2,1x3,1,talking,3.6267,0.5181
2,1x3,1,to,1.2908,0.6454
2,1x3,1,me,1.1372,0.5686
2,1x3,1,,0.2459,inf
2,1x3,1,,1.536,inf
2,1x3,1,will,1.598,0.3995
2,1x3,1,meet,1.383,0.34575
2,1x3,1,you,1.168,0.389333
2,1x3,1,at,2.09,1.045
2,1x3,1,do,1.445,0.7225
2,1x3,1,not,1.752,0.584
2,1x3,1,say,1.629,0.543
2,1x3,1,anything,3.934,0.49175
2,1x3,1,this,1.936,0.484
2,1x3,1,is,0.953,0.4765
2,1x3,1,a,0.153,0.153
2,1x3,1,non,1.752,0.584
2,1x3,1,profit,3.258,0.543
2,1x3,1,organization,5.963,0.496917
2,1x3,1,my,1.353,0.6765
2,1x3,1,preferred,3.442,0.382444
2,1x3,1,treat,1.937,0.3874
2,1x3,1,is,1.291,0.6455
2,1x3,1,chocolate,4.887,0.543
2,1x3,1,this,1.629,0.40725
2,1x3,1,camera,3.381,0.5635
2,1x3,1,takes,2.306,0.4612
2,1x3,1,nice,2.767,0.69175
2,1x3,1,photographs,6.67,0.606364
2,1x3,1,a,0.154,0.154
2,1x3,1,problem,3.842,0.548857
2,1x3,1,with,2.243,0.56075
2,1x3,1,the,1.752,0.584
2,1x3,1,engine,2.766,0.461
2,1x3,1,space,2.397,0.4794
2,1x3,1,is,1.167,0.5835
2,1x3,1,a,0.246,0.246
2,1x3,1,high,1.413,0.35325
2,1x3,1,priority,3.596,0.4495
2,1x3,1,prescription,6.331,0.527583
2,1x3,1,drugs,2.459,0.4918
2,1x3,1,require,3.965,0.566429
2,1x3,1,a,0.092,0.092
2,1x3,1,note,1.998,0.4995
2,1x3,1,the,1.413,0.471
2,1x3,1,bathroom,3.412,0.4265
2,1x3,1,is,0.983,0.4915
2,1x3,1,good,1.383,0.34575
2,1x3,1,for,1.813,0.604333
2,1x3,1,reading,2.889,0.412714
2,1x3,1,sit,1.445,0.481667
2,1x3,1,at,0.953,0.4765
2,1x3,1,the,1.476,0.492
2,1x3,1,front,2.766,0.5532
2,1x3,1,of,1.26,0.63
2,1x3,1,the,1.383,0.461
2,1x3,1,bus,1.66,0.553333
2,1x3,1,the,1.26,0.42
2,1x3,1,music,2.367,0.4734
2,1x3,1,is,0.983,0.4915
2,1x3,1,better,2.274,0.379
2,1x3,1,than,1.69,0.4225
2,1x3,1,it,0.891,0.4455
2,1x3,1,sounds,2.459,0.409833
2,1x3,1,the,1.322,0.440667
2,1x3,1,winner,1.967,0.327833
2,1x3,1,of,0.984,0.492
2,1x3,1,the,1.321,0.440333
2,1x3,1,race,2.028,0.507
2,1x3,1,protect,3.012,0.430286
2,1x3,1,your,1.353,0.33825
2,1x3,1,environment,5.195,0.472273
2,1x3,1,the,1.291,0.430333
2,1x3,1,postal,2.274,0.379
2,1x3,1,service,2.951,0.421571
2,1x3,1,is,1.014,0.507
2,1x3,1,very,1.383,0.34575
2,1x3,1,slow,1.905,0.47625
2,1x3,1,hands,1.998,0.3996
2,1x3,1,on,0.83,0.415
2,1x3,1,experience,4.58,0.458
2,1x3,1,with,1.659,0.41475
2,1x3,1,a,0.368,0.368
2,1x3,1,job,1.598,0.532667
3,1x3,1,the,1.167,0.389
3,1x3,1,quick,1.6584,0.33168
3,1x3,1,brown,1.9039,0.38078
3,1x3,1,fox,1.3512,0.4504
3,1x3,1,jumps,1.7501,0.35002
3,1x3,1,over,1.5662,0.39155
3,1x3,1,the,1.1362,0.378733
3,1x3,1,lazy,1.7196,0.4299
3,1x3,1,dog,1.1669,0.388967
3,1x3,1,the,1.167,0.389
3,1x3,1,five,1.5969,0.399225
3,1x3,1,boxing,2.5182,0.4197
3,1x3,1,wizards,2.7947,0.399243
3,1x3,1,jump,1.4435,0.360875
3,1x3,1,quickly,2.7332,0.390457
3,1x3,1,rent,1.6891,0.422275
3,1x3,1,is,0.8292,0.4146
3,1x3,1,paid,1.9348,0.4837
3,1x3,1,at,0.645,0.3225
3,1x3,1,the,1.2592,0.419733
3,1x3,1,beginning,3.4093,0.378811
3,1x3,1,of,0.9521,0.47605
3,1x3,1,the,0.9829,0.327633
3,1x3,1,month,1.9042,0.38084
3,1x3,1,the,1.075,0.358333
3,1x3,1,living,2.4264,0.4044
3,1x3,1,is,0.7679,0.38395
3,1x3,1,easy,1.505,0.37625
3,1x3,1,the,1.0136,0.337867
3,1x3,1,food,1.29,0.3225
3,1x3,1,at,0.6757,0.33785
3,1x3,1,this,1.5356,0.3839
3,1x3,1,restaurant,4.6686,0.46686
3,1x3,1,interesting,4.4537,0.404882
3,1x3,1,observation,4.638,0.421636
3,1x3,1,was,0.86,0.286667
3,1x3,1,made,1.7508,0.4377
3,1x3,1,travel,2.7952,0.465867
3,1x3,1,at,0.6758,0.3379
3,1x3,1,the,1.0751,0.358367
3,1x3,1,speed,1.7509,0.35018
3,1x3,1,of,0.7987,0.39935
3,1x3,1,light,1.5972,0.31944
3,1x3,1,take,1.7203,0.430075
3,1x3,1,a,0.0615,0.0615
3,1x3,1,coffee,2.058,0.343
3,1x3,1,break,2.0579,0.41158
3,1x3,1,historic,3.5939,0.449237
3,1x3,1,meeting,2.3959,0.342271
3,1x3,1,without,2.5495,0.364214
3,1x3,1,a,0.0921,0.0921
3,1x3,1,result,2.5803,0.43005
3,1x3,1,the,1.1367,0.3789
3,1x3,1,location,3.1334,0.391675
3,1x3,1,of,0.7679,0.38395
3,1x3,1,the,0.8909,0.296967
3,1x3,1,crime,1.9354,0.38708
3,1x3,1,get,0.9524,0.317467
3,1x3,1,rid,1.1367,0.3789
3,1x3,1,of,0.7373,0.36865
3,1x3,1,that,1.2902,0.32255
3,1x3,1,immediately,4.1165,0.374227
3,1x3,1,you,1.0752,0.3584
3,1x3,1,should,2.0276,0.337933
3,1x3,1,visit,2.0277,0.40554
3,1x3,1,a,0.0921,0.0921
3,1x3,1,doctor,2.3041,0.384017
3,1x3,1,this,1.2289,0.307225
3,1x3,1,is,0.7987,0.39935
3,1x3,1,a,0.0921,0.0921
3,1x3,1,non,0.8909,0.296967
3,1x3,1,profit,2.3043,0.38405
3,1x3,1,organization,5.2535,0.437792
3,1x3,1,just,1.3518,0.33795
3,1x3,1,what,1.4131,0.353275
3,1x3,1,the,0.9524,0.317467
3,1x3,1,doctor,2.5808,0.430133
3,1x3,1,ordered,2.7651,0.395014
3,1x3,1,in,0.6759,0.33795
3,1x3,1,sharp,1.905,0.381
3,1x3,1,contrast,3.0109,0.376362
3,1x3,1,to,0.768,0.384
3,1x3,1,your,1.4747,0.368675
3,1x3,1,words,1.4442,0.28884
3,1x3,1,the,0.9218,0.307267
3,1x3,1,world,2.2428,0.44856
3,1x3,1,is,0.9217,0.46085
3,1x3,1,a,0.1229,0.1229
3,1x3,1,stage,2.0585,0.4117
3,1x3,1,we,0.5223,0.26115
3,1x3,1,accept,2.6731,0.445517
3,1x3,1,personal,3.0725,0.384062
3,1x3,1,checks,2.3044,0.384067
3,1x3,1,watch,1.5055,0.3011
3,1x3,1,out,0.8296,0.276533
3,1x3,1,for,0.9833,0.327767
3,1x3,1,low,1.1367,0.3789
3,1x3,1,flying,2.0587,0.343117
3,1x3,1,objects,2.9805,0.425786
3,1x3,1,bad,0.9525,0.3175
3,1x3,1,for,1.014,0.338
3,1x3,1,the,1.014,0.338
3,1x3,1,environment,4.8547,0.441336
3,1x3,1,he,0.7068,0.3534
3,1x3,1,is,0.7067,0.35335
3,1x3,1,still,1.3826,0.27652
3,1x3,1,on,0.6145,0.30725
3,1x3,1,our,1.229,0.409667
3,1x3,1,team,1.4134,0.35335
3,1x3,1,well,1.1982,0.29955
3,1x3,1,connected,2.9802,0.331133
3,1x3,1,with,1.4132,0.3533
3,1x3,1,people,2.1508,0.358467
3,1x3,1,sharp,1.8434,0.36868
3,1x3,1,cheese,2.1507,0.35845
3,1x3,1,keeps,1.7205,0.3441
3,1x3,1,the,0.9218,0.307267
3,1x3,1,mind,1.444,0.361
3,1x3,1,sharp,1.5054,0.30108
3,1x3,1,my,0.8603,0.43015
3,1x3,1,fingers,2.3042,0.329171
3,1x3,1,are,0.9217,0.307233
3,1x3,1,very,1.4747,0.368675
3,1x3,1,cold,1.3824,0.3456
3,1x3,1,the,1.0446,0.3482
3,1x3,1,chamber,2.4887,0.355529
3,1x3,1,makes,1.9356,0.38712
3,1x3,1,important,3.9633,0.440367
3,1x3,1,decisions,3.8712,0.430133
3,1x3,1,where,1.6592,0.33184
3,1x3,1,did,1.0139,0.337967
3,1x3,1,you,0.9832,0.327733
3,1x3,1,get,1.0139,0.337967
3,1x3,1,such,1.3825,0.345625
3,1x3,1,a,0.0922,0.0922
3,1x3,1,silly,1.3518,0.27036
3,1x3,1,idea,1.3825,0.345625
3,1x3,1,never,1.9356,0.38712
3,1x3,1,too,0.8602,0.286733
3,1x3,1,rich,1.6898,0.42245
3,1x3,1,and,1.2597,0.4199
3,1x3,1,never,2.0585,0.4117
3,1x3,1,too,0.9832,0.327733
3,1x3,1,thin,1.5362,0.38405
3,1x3,1,a,0.0922,0.0922
3,1x3,1,dog,0.9524,0.317467
3,1x3,1,is,0.7989,0.39945
3,1x3,1,the,1.0752,0.3584
3,1x3,1,best,1.3826,0.34565
3,1x3,1,friend,2.2122,0.3687
3,1x3,1,of,0.7066,0.3533
3,1x3,1,a,0.0921,0.0921
3,1x3,1,man,1.0138,0.337933
3,1x3,1,the,0.9217,0.307233
3,1x3,1,union,1.7205,0.3441
3,1x3,1,will,1.0446,0.26115
3,1x3,1,go,0.5223,0.26115
3,1x3,1,on,0.6759,0.33795
3,1x3,1,strike,2.5193,0.419883
3,1x3,1,have,1.5362,0.38405
3,1x3,1,a,0.0922,0.0922
3,1x3,1,good,1.1368,0.2842
3,1x3,1,weekend,2.9495,0.421357
3,1x3,1,you,0.9524,0.317467
3,1x3,1,are,0.9217,0.307233
3,1x3,1,a,0.0922,0.0922
3,1x3,1,wonderful,2.9495,0.327722
3,1x3,1,example,2.9189,0.416986
3,1x3,1,this,1.3826,0.34565
3,1x3,1,is,0.7681,0.38405
3,1x3,1,a,0.1228,0.1228
3,1x3,1,very,1.1061,0.276525
3,1x3,1,good,1.0139,0.253475
3,1x3,1,idea,1.5362,0.38405
3,1x3,1,do,0.6144,0.3072
3,1x3,1,not,1.0446,0.3482
3,1x3,1,feel,1.1675,0.291875
3,1x3,1,too,0.6759,0.2253
3,1x3,1,bad,1.0753,0.358433
3,1x3,1,about,1.5976,0.31952
3,1x3,1,it,0.6452,0.3226
3,1x3,1,come,1.5972,0.3993
3,1x3,1,and,1.045,0.348333
3,1x3,1,see,0.799,0.266333
3,1x3,1,our,0.798,0.266
3,1x3,1,new,1.382,0.460667
3,1x3,1,car,1.506,0.502
3,1x3,1,they,1.567,0.39175
3,1x3,1,watched,2.611,0.373
3,1x3,1,the,0.952,0.317333
3,1x3,1,entire,2.181,0.3635
3,1x3,1,movie,2.735,0.547
3,1x3,1,,0.092,inf
3,1x3,1,,1.321,inf
3,1x3,1,want,0.553,0.13825
3,1x3,1,to,1.29,0.645
3,1x3,1,hold,1.29,0.3225
3,1x3,1,your,1.598,0.3995
3,1x3,1,win,1.383,0.461
3,1x3,1,first,1.844,0.3688
3,1x3,1,prize,2.52,0.504
3,1x3,1,in,0.676,0.338
3,1x3,1,the,1.014,0.338
3,1x3,1,contest,2.827,0.403857
3,1x3,1,most,1.567,0.39175
3,1x3,1,judges,2.642,0.440333
3,1x3,1,are,0.983,0.327667
3,1x3,1,very,1.413,0.35325
3,1x3,1,honest,2.243,0.373833
3,1x3,1,file,1.874,0.4685
3,1x3,1,all,0.891,0.297
3,1x3,1,complaints,4.363,0.4363
3,1x3,1,in,0.707,0.3535
3,1x3,1,writing,3.041,0.434429
3,1x3,1,interactions,5.162,0.430167
3,1x3,1,between,2.673,0.381857
3,1x3,1,men,1.259,0.419667
3,1x3,1,and,1.137,0.379
3,1x3,1,women,2.519,0.5038
3,1x3,1,effort,2.059,0.343167
3,1x3,1,is,0.922,0.461
3,1x3,1,what,1.352,0.338
3,1x3,1,it,0.676,0.338
3,1x3,1,will,1.014,0.2535
3,1x3,1,take,1.659,0.41475
4,1x3,1,the,1.506,0.502
4,1x3,1,quick,2.1206,0.42412
4,1x3,1,brown,2.9198,0.58396
4,1x3,1,fox,1.4444,0.481467
4,1x3,1,jumps,2.7353,0.54706
4,1x3,1,over,2.2129,0.553225
4,1x3,1,the,1.9055,0.635167
4,1x3,1,lazy,2.7661,0.691525
4,1x3,1,dog,1.7211,0.5737
4,1x3,1,the,1.9977,0.6659
4,1x3,1,five,1.9978,0.49945
4,1x3,1,boxing,3.2269,0.537817
4,1x3,1,wizards,5.2864,0.7552
4,1x3,1,jump,1.967,0.49175
4,1x3,1,quickly,3.6267,0.5181
4,1x3,1,reading,2.9198,0.417114
4,1x3,1,week,1.5061,0.376525
4,1x3,1,is,0.9221,0.46105
4,1x3,1,just,1.9363,0.484075
4,1x3,1,about,3.3195,0.6639
4,1x3,1,here,1.7519,0.437975
4,1x3,1,what,3.3195,0.829875
4,1x3,1,goes,2.1515,0.537875
4,1x3,1,up,0.7991,0.39955
4,1x3,1,must,2.0593,0.514825
4,1x3,1,come,2.3359,0.583975
4,1x3,1,down,2.6738,0.66845
4,1x3,1,effort,3.6882,0.6147
4,1x3,1,is,1.7827,0.89135
4,1x3,1,what,2.4282,0.60705
4,1x3,1,it,1.2908,0.6454
4,1x3,1,will,1.5982,0.39955
4,1x3,1,take,2.3052,0.5763
4,1x3,1,do,0.7683,0.38415
4,1x3,1,not,1.2294,0.4098
4,1x3,1,say,1.3523,0.450767
4,1x3,1,anything,4.4257,0.553213
4,1x3,1,bad,1.1372,0.379067
4,1x3,1,for,1.168,0.389333
4,1x3,1,the,1.3523,0.450767
4,1x3,1,environment,7.192,0.653818
4,1x3,1,a,0.584,0.584
4,1x3,1,much,2.2744,0.5686
4,1x3,1,higher,3.8728,0.645467
4,1x3,1,risk,2.7664,0.6916
4,1x3,1,of,0.8606,0.4303
4,1x3,1,getting,2.9508,0.421543
4,1x3,1,cancer,6.0553,1.00922
4,1x3,1,this,1.9365,0.484125
4,1x3,1,is,0.9221,0.46105
4,1x3,1,a,0.5532,0.5532
4,1x3,1,non,1.6291,0.543033
4,1x3,1,profit,4.1496,0.6916
4,1x3,1,organization,7.5615,0.630125
4,1x3,1,a,0.4917,0.4917
4,1x3,1,quarter,3.2891,0.469871
4,1x3,1,of,0.8915,0.44575
4,1x3,1,a,0.4918,0.4918
4,1x3,1,century,4.2111,0.601586
4,1x3,1,the,1.2294,0.4098
4,1x3,1,fourth,4.2417,0.70695
4,1x3,1,edition,3.6884,0.526914
4,1x3,1,was,1.0143,0.3381
4,1x3,1,better,2.5204,0.420067
4,1x3,1,have,1.8443,0.461075
4,1x3,1,a,0.3688,0.3688
4,1x3,1,good,1.3218,0.33045
4,1x3,1,weekend,3.627,0.518143
4,1x3,1,healthy,3.9343,0.562043
4,1x3,1,food,1.4446,0.36115
4,1x3,1,is,1.045,0.5225
4,1x3,1,good,1.3525,0.338125
4,1x3,1,for,1.4755,0.491833
4,1x3,1,you,1.168,0.389333
4,1x3,1,the,1.2603,0.4201
4,1x3,1,food,1.2911,0.322775
4,1x3,1,at,0.83,0.415
4,1x3,1,this,1.8134,0.45335
4,1x3,1,restaurant,7.3769,0.73769
4,1x3,1,the,1.1988,0.3996
4,1x3,1,music,2.1518,0.43036
4,1x3,1,is,0.953,0.4765
4,1x3,1,better,2.3977,0.399617
4,1x3,1,than,1.9366,0.48415
4,1x3,1,it,0.9221,0.46105
4,1x3,1,sounds,3.7809,0.63015
4,1x3,1,coalition,5.5027,0.611411
4,1x3,1,governments,6.6095,0.600864
4,1x3,1,never,4.1807,0.83614
4,1x3,1,work,2.9818,0.74545
4,1x3,1,that,1.8137,0.453425
4,1x3,1,is,0.9223,0.46115
4,1x3,1,a,0.5227,0.5227
4,1x3,1,very,1.6907,0.422675
4,1x3,1,odd,0.8915,0.297167
4,1x3,1,question,3.7504,0.4688
4,1x3,1,if,0.953,0.4765
4,1x3,1,you,1.1989,0.399633
4,1x3,1,were,1.1681,0.292025
4,1x3,1,not,1.3219,0.440633
4,1x3,1,so,0.8608,0.4304
4,1x3,1,stupid,3.9349,0.655817
4,1x3,1,a,0.3688,0.3688
4,1x3,1,subject,4.2116,0.601657
4,1x3,1,one,1.4756,0.491867
4,1x3,1,can,2.4899,0.829967
4,1x3,1,really,2.5208,0.420133
4,1x3,1,enjoy,2.2133,0.44266
4,1x3,1,the,1.3526,0.450867
4,1x3,1,objective,5.3491,0.594344
4,1x3,1,of,1.3219,0.66095
4,1x3,1,the,1.4141,0.471367
4,1x3,1,exercise,5.8102,0.726275
4,1x3,1,life,2.0289,0.507225
4,1x3,1,is,0.6763,0.33815
4,1x3,1,but,1.1374,0.379133
4,1x3,1,a,0.3996,0.3996
4,1x3,1,dream,2.4285,0.4857
4,1x3,1,want,1.4754,0.36885
4,1x3,1,to,0.9529,0.47645
4,1x3,1,join,2.1826,0.54565
4,1x3,1,us,0.8607,0.43035
4,1x3,1,for,1.5063,0.5021
4,1x3,1,lunch,2.1825,0.4365
4,1x3,1,time,1.66,0.415
4,1x3,1,to,0.6763,0.33815
4,1x3,1,go,1.0451,0.52255
4,1x3,1,shopping,2.7666,0.345825
4,1x3,1,watch,2.0289,0.40578
4,1x3,1,out,0.9222,0.3074
4,1x3,1,for,1.3219,0.440633
4,1x3,1,low,1.2297,0.4099
4,1x3,1,flying,3.2585,0.543083
4,1x3,1,objects,4.5188,0.645543
4,1x3,1,my,0.9529,0.47645
4,1x3,1,fingers,5.1029,0.728986
4,1x3,1,are,1.1681,0.389367
4,1x3,1,very,1.7215,0.430375
4,1x3,1,cold,2.3056,0.5764
4,1x3,1,do,0.6148,0.3074
4,1x3,1,you,1.0453,0.348433
4,1x3,1,like,2.4592,0.6148
4,1x3,1,to,0.7377,0.36885
4,1x3,1,shop,1.5985,0.399625
4,1x3,1,on,0.6149,0.30745
4,1x3,1,,2.8282,inf
4,1x3,1,,0.2766,inf
4,1x3,1,,0.5841,inf
4,1x3,1,do,1.1375,0.56875
4,1x3,1,not,1.5986,0.532867
4,1x3,1,care,1.1066,0.27665
4,1x3,1,if,0.9838,0.4919
4,1x3,1,you,0.707,0.235667
4,1x3,1,do,1.5371,0.76855
4,1x3,1,a,0.2767,0.2767
4,1x3,1,picture,3.7505,0.535786
4,1x3,1,is,0.8915,0.44575
4,1x3,1,worth,2.8897,0.57794
4,1x3,1,many,2.2134,0.55335
4,1x3,1,words,2.398,0.4796
4,1x3,1,we,0.6456,0.3228
4,1x3,1,accept,3.4431,0.57385
4,1x3,1,personal,4.1501,0.518762
4,1x3,1,checks,3.5046,0.5841
4,1x3,1,you,1.0451,0.348367
4,1x3,1,will,1.2297,0.307425
4,1x3,1,loose,1.91,0.382
4,1x3,1,your,1.8753,0.468825
4,1x3,1,voice,3.4431,0.68862
4,1x3,1,this,1.567,0.39175
4,1x3,1,equation,4.303,0.537875
4,1x3,1,is,0.677,0.3385
4,1x3,1,too,0.768,0.256
4,1x3,1,complicated,6.117,0.556091
4,1x3,1,traveling,5.225,0.580556
4,1x3,1,requires,4.611,0.576375
4,1x3,1,a,0.43,0.43
4,1x3,1,lot,1.199,0.399667
4,1x3,1,of,0.707,0.3535
4,1x3,1,fuel,1.814,0.4535
4,1x3,1,for,1.26,0.42
4,1x3,1,murder,3.412,0.568667
4,1x3,1,you,1.199,0.399667
4,1x3,1,get,1.107,0.369
4,1x3,1,a,0.338,0.338
4,1x3,1,long,1.598,0.3995
4,1x3,1,prison,3.043,0.507167
4,1x3,1,sentence,5.779,0.722375
4,1x3,1,express,3.228,0.461143
4,1x3,1,delivery,4.058,0.50725
4,1x3,1,is,1.076,0.538
4,1x3,1,very,1.476,0.369
4,1x3,1,fast,1.414,0.3535
4,1x3,1,file,1.598,0.3995
4,1x3,1,all,0.768,0.256
4,1x3,1,complaints,6.148,0.6148
4,1x3,1,in,0.738,0.369
4,1x3,1,writing,3.258,0.465429
4,1x3,1,thank,1.844,0.3688
4,1x3,1,you,1.291,0.430333
4,1x3,1,for,2.06,0.686667
4,1x3,1,your,1.66,0.415
4,1x3,1,help,2.398,0.5995
4,1x3,1,quit,2.029,0.50725
4,1x3,1,while,2.152,0.4304
4,1x3,1,you,1.199,0.399667
4,1x3,1,are,1.045,0.348333
4,1x3,1,ahead,2.428,0.4856
4,1x3,1,,0.308,inf
4,1x3,1,,1.599,inf
4,1x3,1,want,0.553,0.13825
4,1x3,1,to,2.552,1.276
4,1x3,1,hold,1.568,0.392
4,1x3,1,your,1.906,0.4765
4,1x3,1,the,1.168,0.389333
4,1x3,1,kids,1.475,0.36875
4,1x3,1,are,1.537,0.512333
4,1x3,1,very,1.568,0.392
4,1x3,1,excited,5.871,0.838714
4,1x3,1,world,2.828,0.5656
4,1x3,1,population,5.195,0.5195
4,1x3,1,is,0.953,0.4765
4,1x3,1,growing,3.996,0.570857
5,1x3,1,the,1.4746,0.491533
5,1x3,1,quick,2.857,0.5714
5,1x3,1,brown,4.8232,0.96464
5,1x3,1,fox,1.9661,0.655367
5,1x3,1,jumps,3.4408,0.68816
5,1x3,1,over,2.1197,0.529925
5,1x3,1,the,1.3518,0.4506
5,1x3,1,lazy,2.1812,0.5453
5,1x3,1,dog,1.6897,0.563233
5,1x3,1,the,1.106,0.368667
5,1x3,1,five,2.2121,0.553025
5,1x3,1,boxing,3.2258,0.537633
5,1x3,1,wizards,3.195,0.456429
5,1x3,1,jump,2.1506,0.53765
5,1x3,1,quickly,5.0692,0.724171
5,1x3,1,this,1.8741,0.468525
5,1x3,1,library,6.2674,0.895343
5,1x3,1,has,1.2596,0.419867
5,1x3,1,many,2.2735,0.568375
5,1x3,1,books,2.0585,0.4117
5,1x3,1,what,2.2429,0.560725
5,1x3,1,a,1.106,1.106
5,1x3,1,monkey,6.9743,1.16238
5,1x3,1,sees,2.3351,0.583775
5,1x3,1,a,1.5977,1.5977
5,1x3,1,monkey,5.6534,0.942233
5,1x3,1,will,3.2261,0.806525
5,1x3,1,do,3.7484,1.8742
5,1x3,1,do,1.3519,0.67595
5,1x3,1,not,1.8434,0.614467
5,1x3,1,worry,4.6087,0.92174
5,1x3,1,about,3.1647,0.63294
5,1x3,1,this,1.9357,0.483925
5,1x3,1,drugs,2.8267,0.56534
5,1x3,1,should,3.0111,0.50185
5,1x3,1,be,1.1676,0.5838
5,1x3,1,avoided,4.3938,0.627686
5,1x3,1,you,1.1369,0.378967
5,1x3,1,should,3.042,0.507
5,1x3,1,visit,2.4888,0.49776
5,1x3,1,a,1.3519,1.3519
5,1x3,1,doctor,4.0868,0.681133
5,1x3,1,all,1.0447,0.348233
5,1x3,1,work,2.6426,0.66065
5,1x3,1,and,2.5196,0.839867
5,1x3,1,no,1.014,0.507
5,1x3,1,play,3.9331,0.983275
5,1x3,1,accompanied,9.7715,0.888318
5,1x3,1,by,1.1062,0.5531
5,1x3,1,an,1.1062,0.5531
5,1x3,1,adult,4.4556,0.89112
5,1x3,1,no,1.1061,0.55305
5,1x3,1,exchange,6.4223,0.802788
5,1x3,1,without,3.8411,0.548729
5,1x3,1,a,1.0141,1.0141
5,1x3,1,bill,1.5057,0.376425
5,1x3,1,the,1.6282,0.542733
5,1x3,1,bathroom,4.5466,0.568325
5,1x3,1,is,1.2595,0.62975
5,1x3,1,good,1.6282,0.40705
5,1x3,1,for,1.7818,0.593933
5,1x3,1,reading,3.9016,0.557371
5,1x3,1,bad,1.3518,0.4506
5,1x3,1,for,1.321,0.440333
5,1x3,1,the,1.5976,0.532533
5,1x3,1,environment,8.971,0.815545
5,1x3,1,this,1.8742,0.46855
5,1x3,1,is,0.7989,0.39945
5,1x3,1,a,1.6897,1.6897
5,1x3,1,non,1.444,0.481333
5,1x3,1,profit,4.0246,0.670767
5,1x3,1,organization,9.4012,0.783433
5,1x3,1,where,3.0111,0.60222
5,1x3,1,did,1.8128,0.604267
5,1x3,1,you,1.7206,0.573533
5,1x3,1,get,1.7513,0.583767
5,1x3,1,that,2.335,0.58375
5,1x3,1,tie,1.4749,0.491633
5,1x3,1,call,1.6592,0.4148
5,1x3,1,for,1.5671,0.522367
5,1x3,1,more,1.782,0.4455
5,1x3,1,details,5.039,0.719857
5,1x3,1,taking,3.1646,0.527433
5,1x3,1,the,1.6898,0.563267
5,1x3,1,train,3.0726,0.61452
5,1x3,1,is,0.9218,0.4609
5,1x3,1,usually,5.4691,0.7813
5,1x3,1,faster,3.4413,0.57355
5,1x3,1,staying,4.1172,0.588171
5,1x3,1,up,0.8296,0.4148
5,1x3,1,all,1.0447,0.348233
5,1x3,1,night,2.0894,0.41788
5,1x3,1,is,0.8603,0.43015
5,1x3,1,a,0.2458,0.2458
5,1x3,1,bad,1.4441,0.481367
5,1x3,1,idea,2.2123,0.553075
5,1x3,1,beautiful,6.3298,0.703311
5,1x3,1,paintings,6.8217,0.757967
5,1x3,1,in,1.0755,0.53775
5,1x3,1,the,1.5364,0.512133
5,1x3,1,gallery,4.7014,0.671629
5,1x3,1,,1.014,inf
5,1x3,1,,1.9051,inf
5,1x3,1,can,1.7823,0.5941
5,1x3,1,still,2.2431,0.44862
5,1x3,1,feel,1.9666,0.49165
5,1x3,1,your,5.1008,1.2752
5,1x3,1,rent,1.7516,0.4379
5,1x3,1,is,0.9835,0.49175
5,1x3,1,paid,2.5199,0.629975
5,1x3,1,at,0.9219,0.46095
5,1x3,1,the,1.6594,0.553133
5,1x3,1,beginning,5.593,0.621444
5,1x3,1,of,0.9834,0.4917
5,1x3,1,the,1.598,0.532667
5,1x3,1,month,3.1344,0.62688
5,1x3,1,if,1.26,0.63
5,1x3,1,you,1.782,0.594
5,1x3,1,were,1.598,0.3995
5,1x3,1,not,1.506,0.502
5,1x3,1,so,1.352,0.676
5,1x3,1,stupid,3.564,0.594
5,1x3,1,for,1.536,0.512
5,1x3,1,your,1.444,0.361
5,1x3,1,information,6.76,0.614545
5,1x3,1,only,2.335,0.58375
5,1x3,1,soon,1.813,0.45325
5,1x3,1,we,0.768,0.384
5,1x3,1,will,1.966,0.4915
5,1x3,1,return,2.95,0.491667
5,1x3,1,from,2.304,0.576
5,1x3,1,the,1.567,0.522333
5,1x3,1,city,1.782,0.4455
5,1x3,1,,0.799,inf
5,1x3,1,,1.69,inf
5,1x3,1,can,2.305,0.768333
5,1x3,1,play,2.765,0.69125
5,1x3,1,much,3.104,0.776
5,1x3,1,better,2.028,0.338
5,1x3,1,did,1.567,0.522333
5,1x3,1,you,1.598,0.532667
5,1x3,1,have,2.827,0.70675
5,1x3,1,a,1.045,1.045
5,1x3,1,good,2.028,0.507
5,1x3,1,time,2.642,0.6605
5,1x3,1,do,1.414,0.707
5,1x3,1,not,1.813,0.604333
5,1x3,1,say,1.813,0.604333
5,1x3,1,anything,4.363,0.545375
5,1x3,1,valid,3.626,0.7252
5,1x3,1,until,2.643,0.5286
5,1x3,1,the,1.383,0.461
5,1x3,1,end,1.813,0.604333
5,1x3,1,of,0.922,0.461
5,1x3,1,the,1.506,0.502
5,1x3,1,year,1.966,0.4915
5,1x3,1,rain,2.028,0.507
5,1x3,1,rain,2.52,0.63
5,1x3,1,go,0.952,0.476
5,1x3,1,away,1.905,0.47625
5,1x3,1,hands,2.274,0.4548
5,1x3,1,on,0.891,0.4455
5,1x3,1,experience,7.498,0.7498
5,1x3,1,with,2.059,0.51475
5,1x3,1,a,0.799,0.799
5,1x3,1,job,1.567,0.522333
5,1x3,1,we,0.676,0.338
5,1x3,1,accept,3.749,0.624833
5,1x3,1,personal,6.023,0.752875
5,1x3,1,checks,4.118,0.686333
5,1x3,1,for,1.352,0.450667
5,1x3,1,murder,2.55,0.425
5,1x3,1,you,1.044,0.348
5,1x3,1,get,1.26,0.42
5,1x3,1,a,1.014,1.014
5,1x3,1,long,1.875,0.46875
5,1x3,1,prison,3.256,0.542667
5,1x3,1,sentence,4.67,0.58375
5,1x3,1,express,3.165,0.452143
5,1x3,1,delivery,4.855,0.606875
5,1x3,1,is,0.952,0.476
5,1x3,1,very,1.414,0.3535
5,1x3,1,fast,1.598,0.3995
5,1x3,1,he,0.768,0.384
5,1x3,1,is,0.798,0.399
5,1x3,1,just,1.598,0.3995
5,1x3,1,like,1.813,0.45325
5,1x3,1,everyone,5.93,0.74125
5,1x3,1,else,1.966,0.4915
5,1x3,1,our,1.321,0.440333
5,1x3,1,silver,3.103,0.517167
5,1x3,1,anniversary,7.344,0.667636
5,1x3,1,is,1.229,0.6145
5,1x3,1,coming,3.687,0.6145
5,1x3,1,coalition,4.701,0.522333
5,1x3,1,governments,9.926,0.902364
5,1x3,1,never,2.888,0.5776
5,1x3,1,work,2.305,0.57625
5,1x3,1,do,0.953,0.4765
5,1x3,1,not,1.475,0.491667
5,1x3,1,walk,1.659,0.41475
5,1x3,1,too,1.045,0.348333
5,1x3,1,quickly,5.162,0.737429
5,1x3,1,the,1.628,0.542667
5,1x3,1,algorithm,6.883,0.764778
5,1x3,1,is,0.953,0.4765
5,1x3,1,too,1.26,0.42
5,1x3,1,complicated,7.529,0.684455
5,1x3,1,not,1.475,0.491667
5,1x3,1,quite,2.243,0.4486
5,1x3,1,so,0.922,0.461
5,1x3,1,smart,2.95,0.59
5,1x3,1,as,0.645,0.3225
5,1x3,1,you,3.595,1.19833
5,1x3,1,think,2.49,0.498
5,1x3,1,good,1.567,0.39175
5,1x3,1,jobs,3.227,0.80675
5,1x3,1,for,1.567,0.522333
5,1x3,1,those,2.888,0.5776
5,1x3,1,with,3.012,0.753
5,1x3,1,education,5.655,0.628333
5,1x3,1,historic,6.085,0.760625
5,1x3,1,meeting,3.687,0.526714
5,1x3,1,without,3.319,0.474143
5,1x3,1,a,0.83,0.83
5,1x3,1,result,4.947,0.8245
6,1x3,1,the,1.6277,0.542567
6,1x3,1,quick,2.1804,0.43608
6,1x3,1,brown,2.7026,0.54052
6,1x3,1,fox,2.0576,0.685867
6,1x3,1,jumps,2.4262,0.48524
6,1x3,1,over,2.549,0.63725
6,1x3,1,the,1.6584,0.5528
6,1x3,1,lazy,3.0406,0.76015
6,1x3,1,dog,1.5357,0.5119
6,1x3,1,the,1.3207,0.440233
6,1x3,1,five,4.914,1.2285
6,1x3,1,boxing,3.5627,0.593783
6,1x3,1,wizards,3.0714,0.438771
6,1x3,1,jump,2.0577,0.514425
6,1x3,1,quickly,3.962,0.566
6,1x3,1,medieval,4.6377,0.579712
6,1x3,1,times,2.5799,0.51598
6,1x3,1,were,1.9042,0.47605
6,1x3,1,very,1.8121,0.453025
6,1x3,1,hard,1.3821,0.345525
6,1x3,1,what,2.0885,0.522125
6,1x3,1,you,1.6278,0.5426
6,1x3,1,see,1.3514,0.450467
6,1x3,1,is,1.3207,0.66035
6,1x3,1,what,1.935,0.48375
6,1x3,1,you,1.6892,0.563067
6,1x3,1,get,1.8736,0.624533
6,1x3,1,coalition,5.1293,0.569922
6,1x3,1,governments,4.6686,0.424418
6,1x3,1,never,2.2115,0.4423
6,1x3,1,work,2.4571,0.614275
6,1x3,1,no,0.8907,0.44535
6,1x3,1,exchange,2.8564,0.35705
6,1x3,1,without,2.1193,0.302757
6,1x3,1,a,0.6142,0.6142
6,1x3,1,bill,1.3515,0.337875
6,1x3,1,the,1.3516,0.450533
6,1x3,1,facts,1.505,0.301
6,1x3,1,get,1.0443,0.3481
6,1x3,1,in,1.5358,0.7679
6,1x3,1,the,1.843,0.614333
6,1x3,1,way,1.6281,0.5427
6,1x3,1,the,1.5051,0.5017
6,1x3,1,minimum,4.1466,0.592371
6,1x3,1,amount,2.4573,0.40955
6,1x3,1,of,0.8908,0.4454
6,1x3,1,time,2.1502,0.53755
6,1x3,1,not,1.3822,0.460733
6,1x3,1,quite,2.058,0.4116
6,1x3,1,so,1.1364,0.5682
6,1x3,1,smart,1.5358,0.30716
6,1x3,1,as,1.3208,0.6604
6,1x3,1,you,1.4436,0.4812
6,1x3,1,think,1.4744,0.29488
6,1x3,1,my,1.843,0.9215
6,1x3,1,fingers,1.628,0.232571
6,1x3,1,are,1.1364,0.3788
6,1x3,1,very,0.9829,0.245725
6,1x3,1,cold,2.4266,0.60665
6,1x3,1,for,1.1671,0.389033
6,1x3,1,your,1.6586,0.41465
6,1x3,1,information,3.1328,0.2848
6,1x3,1,only,1.3515,0.337875
6,1x3,1,,0.9828,inf
6,1x3,1,,1.8429,inf
6,1x3,1,agree,1.3207,0.26414
6,1x3,1,with,1.0749,0.268725
6,1x3,1,well,1.7815,0.445375
6,1x3,1,connected,4.1465,0.460722
6,1x3,1,with,1.3821,0.345525
6,1x3,1,people,2.2114,0.368567
6,1x3,1,you,1.4129,0.470967
6,1x3,1,are,1.4742,0.4914
6,1x3,1,a,0.6758,0.6758
6,1x3,1,wonderful,3.4093,0.378811
6,1x3,1,example,2.8257,0.403671
6,1x3,1,just,1.0444,0.2611
6,1x3,1,in,0.4607,0.23035
6,1x3,1,time,1.3821,0.345525
6,1x3,1,for,0.8907,0.2969
6,1x3,1,the,1.0135,0.337833
6,1x3,1,party,1.4435,0.2887
6,1x3,1,never,1.72,0.344
6,1x3,1,mix,1.3515,0.4505
6,1x3,1,religion,2.6415,0.330187
6,1x3,1,and,1.1058,0.3686
6,1x3,1,politics,3.1944,0.3993
6,1x3,1,they,1.198,0.2995
6,1x3,1,might,1.5052,0.30104
6,1x3,1,find,1.3515,0.337875
6,1x3,1,your,1.3208,0.3302
6,1x3,1,comment,2.5494,0.3642
6,1x3,1,offensive,3.1023,0.3447
6,1x3,1,what,1.29,0.3225
6,1x3,1,to,0.7986,0.3993
6,1x3,1,do,1.2901,0.64505
6,1x3,1,when,1.3209,0.330225
6,1x3,1,the,0.9521,0.317367
6,1x3,1,oil,0.645,0.215
6,1x3,1,runs,1.4743,0.368575
6,1x3,1,dry,2.3344,0.778133
6,1x3,1,teaching,2.5801,0.322513
6,1x3,1,services,2.703,0.337875
6,1x3,1,will,1.2594,0.31485
6,1x3,1,help,1.6587,0.414675
6,1x3,1,shall,1.7815,0.3563
6,1x3,1,we,0.799,0.3995
6,1x3,1,play,2.5495,0.637375
6,1x3,1,a,0.8601,0.8601
6,1x3,1,round,2.0888,0.41776
6,1x3,1,of,0.8294,0.4147
6,1x3,1,cards,1.9352,0.38704
6,1x3,1,with,1.1054,0.27635
6,1x3,1,each,0.9826,0.24565
6,1x3,1,step,1.259,0.31475
6,1x3,1,forward,1.9654,0.280771
6,1x3,1,we,0.8292,0.4146
6,1x3,1,run,1.167,0.389
6,1x3,1,the,0.9827,0.327567
6,1x3,1,risk,1.9962,0.49905
6,1x3,1,of,0.9213,0.46065
6,1x3,1,failure,2.0576,0.293943
6,1x3,1,an,1.0442,0.5221
6,1x3,1,airport,3.1326,0.447514
6,1x3,1,is,0.9827,0.49135
6,1x3,1,a,0.8906,0.8906
6,1x3,1,very,1.2285,0.307125
6,1x3,1,busy,1.6279,0.406975
6,1x3,1,place,1.996,0.3992
6,1x3,1,protect,2.303,0.329
6,1x3,1,your,1.505,0.37625
6,1x3,1,environment,4.638,0.421636
6,1x3,1,the,1.259,0.419667
6,1x3,1,price,2.242,0.4484
6,1x3,1,of,0.891,0.4455
6,1x3,1,gas,1.259,0.419667
6,1x3,1,is,1.136,0.568
6,1x3,1,high,1.474,0.3685
6,1x3,1,my,1.567,0.7835
6,1x3,1,preferred,4.454,0.494889
6,1x3,1,treat,2.15,0.43
6,1x3,1,is,1.628,0.814
6,1x3,1,chocolate,3.717,0.413
6,1x3,1,watch,2.027,0.4054
6,1x3,1,out,0.952,0.317333
6,1x3,1,for,1.29,0.43
6,1x3,1,low,1.382,0.460667
6,1x3,1,flying,2.15,0.358333
6,1x3,1,objects,2.918,0.416857
6,1x3,1,world,1.997,0.3994
6,1x3,1,population,3.072,0.3072
6,1x3,1,is,1.198,0.599
6,1x3,1,growing,2.549,0.364143
6,1x3,1,did,0.952,0.317333
6,1x3,1,you,0.953,0.317667
6,1x3,1,have,1.198,0.2995
6,1x3,1,a,0.952,0.952
6,1x3,1,good,1.69,0.4225
6,1x3,1,time,1.168,0.292
6,1x3,1,learn,1.812,0.3624
6,1x3,1,to,0.798,0.399
6,1x3,1,walk,1.874,0.4685
6,1x3,1,before,2.334,0.389
6,1x3,1,you,0.952,0.317333
6,1x3,1,run,0.829,0.276333
6,1x3,1,the,1.812,0.604
6,1x3,1,union,1.535,0.307
6,1x3,1,will,1.075,0.26875
6,1x3,1,go,0.583,0.2915
6,1x3,1,on,0.338,0.169
6,1x3,1,strike,2.088,0.348
6,1x3,1,do,0.952,0.476
6,1x3,1,not,0.982,0.327333
6,1x3,1,worry,1.197,0.2394
6,1x3,1,about,1.167,0.2334
6,1x3,1,this,0.921,0.23025
6,1x3,1,are,0.86,0.286667
6,1x3,1,you,0.922,0.307333
6,1x3,1,talking,2.088,0.298286
6,1x3,1,to,0.676,0.338
6,1x3,1,me,1.259,0.6295
6,1x3,1,,0.645,inf
6,1x3,1,,0.86,inf
6,1x3,1,do,1.352,0.676
6,1x3,1,not,1.658,0.552667
6,1x3,1,fully,1.535,0.307
6,1x3,1,agree,1.045,0.209
6,1x3,1,with,0.798,0.1995
6,1x3,1,this,1.136,0.284
6,1x3,1,is,0.614,0.307
6,1x3,1,a,0.43,0.43
6,1x3,1,non,0.983,0.327667
6,1x3,1,profit,2.396,0.399333
6,1x3,1,organization,4.3,0.358333
6,1x3,1,what,1.26,0.315
6,1x3,1,a,0.522,0.522
6,1x3,1,monkey,2.12,0.353333
6,1x3,1,sees,1.228,0.307
6,1x3,1,a,0.584,0.584
6,1x3,1,monkey,2.366,0.394333
6,1x3,1,will,1.628,0.407
6,1x3,1,do,1.198,0.599
6,1x3,1,you,0.953,0.317667
6,1x3,1,should,2.242,0.373667
6,1x3,1,visit,1.905,0.381
6,1x3,1,a,0.676,0.676
6,1x3,1,doctor,2.518,0.419667
6,1x3,1,in,0.676,0.338
6,1x3,1,sharp,1.72,0.344
6,1x3,1,contrast,2.826,0.35325
6,1x3,1,to,0.983,0.4915
6,1x3,1,your,1.443,0.36075
6,1x3,1,words,2.488,0.4976
6,1x3,1,historic,3.286,0.41075
6,1x3,1,meeting,2.273,0.324714
6,1x3,1,without,2.242,0.320286
6,1x3,1,a,0.706,0.706
6,1x3,1,result,1.997,0.332833
6,1x3,1,please,2.304,0.384
6,1x3,1,provide,2.549,0.364143
6,1x3,1,your,1.26,0.315
6,1x3,1,date,1.781,0.44525
6,1x3,1,of,1.229,0.6145
6,1x3,1,birth,1.874,0.3748
7,1x3,1,the,1.2903,0.4301
7,1x3,1,quick,2.6729,0.53458
7,1x3,1,brown,2.6729,0.53458
7,1x3,1,fox,1.659,0.553
7,1x3,1,jumps,2.6729,0.53458
7,1x3,1,over,2.0584,0.5146
7,1x3,1,the,2.0277,0.6759
7,1x3,1,lazy,1.9048,0.4762
7,1x3,1,dog,1.1982,0.3994
7,1x3,1,the,1.0754,0.358467
7,1x3,1,five,1.6285,0.407125
7,1x3,1,boxing,2.9192,0.486533
7,1x3,1,wizards,4.0254,0.575057
7,1x3,1,jump,2.3046,0.57615
7,1x3,1,quickly,6.3301,0.9043
7,1x3,1,our,0.9218,0.307267
7,1x3,1,fax,1.0756,0.358533
7,1x3,1,number,3.6568,0.609467
7,1x3,1,has,1.0449,0.3483
7,1x3,1,changed,4.1486,0.592657
7,1x3,1,a,0.3381,0.3381
7,1x3,1,dog,1.5057,0.5019
7,1x3,1,is,0.9833,0.49165
7,1x3,1,the,2.0281,0.676033
7,1x3,1,best,4.087,1.02175
7,1x3,1,friend,4.548,0.758
7,1x3,1,of,1.0141,0.50705
7,1x3,1,a,0.1229,0.1229
7,1x3,1,man,1.6286,0.542867
7,1x3,1,the,1.2292,0.409733
7,1x3,1,food,1.4136,0.3534
7,1x3,1,at,0.8912,0.4456
7,1x3,1,this,1.9053,0.476325
7,1x3,1,restaurant,7.9286,0.79286
7,1x3,1,the,0.8297,0.276567
7,1x3,1,music,2.2741,0.45482
7,1x3,1,is,0.8297,0.41485
7,1x3,1,better,2.5815,0.43025
7,1x3,1,than,1.8747,0.468675
7,1x3,1,it,0.7068,0.3534
7,1x3,1,sounds,3.5957,0.599283
7,1x3,1,the,1.1063,0.368767
7,1x3,1,punishment,6.3309,0.63309
7,1x3,1,should,4.241,0.706833
7,1x3,1,fit,1.1064,0.3688
7,1x3,1,the,1.3215,0.4405
7,1x3,1,crime,2.9811,0.59622
7,1x3,1,watch,2.0285,0.4057
7,1x3,1,out,0.8912,0.297067
7,1x3,1,for,1.045,0.348333
7,1x3,1,low,1.1987,0.399567
7,1x3,1,flying,3.35,0.558333
7,1x3,1,objects,4.0876,0.583943
7,1x3,1,we,0.2766,0.1383
7,1x3,1,have,1.4446,0.36115
7,1x3,1,enough,3.596,0.599333
7,1x3,1,witnesses,5.9012,0.655689
7,1x3,1,effort,4.3338,0.7223
7,1x3,1,is,0.7992,0.3996
7,1x3,1,what,2.6433,0.660825
7,1x3,1,it,0.9528,0.4764
7,1x3,1,will,1.7213,0.430325
7,1x3,1,take,1.7826,0.44565
7,1x3,1,taking,2.2128,0.3688
7,1x3,1,the,1.0449,0.3483
7,1x3,1,train,2.0898,0.41796
7,1x3,1,is,0.799,0.3995
7,1x3,1,usually,4.0875,0.583929
7,1x3,1,faster,2.5202,0.420033
7,1x3,1,a,0.1229,0.1229
7,1x3,1,very,1.7826,0.44565
7,1x3,1,traditional,6.8227,0.620245
7,1x3,1,way,1.0448,0.348267
7,1x3,1,to,0.6762,0.3381
7,1x3,1,dress,1.8748,0.37496
7,1x3,1,my,0.8297,0.41485
7,1x3,1,preferred,5.5934,0.621489
7,1x3,1,treat,2.2437,0.44874
7,1x3,1,is,0.7069,0.35345
7,1x3,1,chocolate,5.9931,0.6659
7,1x3,1,sit,1.0757,0.358567
7,1x3,1,at,0.7069,0.35345
7,1x3,1,the,1.0143,0.3381
7,1x3,1,front,2.3666,0.47332
7,1x3,1,of,0.6761,0.33805
7,1x3,1,the,1.2289,0.409633
7,1x3,1,bus,0.9527,0.317567
7,1x3,1,that,1.7519,0.437975
7,1x3,1,is,0.6762,0.3381
7,1x3,1,a,0.2455,0.2455
7,1x3,1,very,1.7519,0.437975
7,1x3,1,nasty,2.9505,0.5901
7,1x3,1,cut,1.2602,0.420067
7,1x3,1,coalition,6.6694,0.741044
7,1x3,1,governments,6.6695,0.606318
7,1x3,1,never,2.428,0.4856
7,1x3,1,work,2.766,0.6915
7,1x3,1,,0.0922,inf
7,1x3,1,,0.5225,inf
7,1x3,1,do,1.0757,0.53785
7,1x3,1,not,2.0286,0.6762
7,1x3,1,fully,1.8748,0.37496
7,1x3,1,agree,2.8891,0.57782
7,1x3,1,with,1.1372,0.2843
7,1x3,1,hands,2.0592,0.41184
7,1x3,1,on,0.5533,0.27665
7,1x3,1,experience,7.1616,0.71616
7,1x3,1,with,2.0287,0.507175
7,1x3,1,a,0.1537,0.1537
7,1x3,1,job,1.1374,0.379133
7,1x3,1,my,0.5532,0.2766
7,1x3,1,watch,2.0901,0.41802
7,1x3,1,fell,1.2602,0.31505
7,1x3,1,in,0.6455,0.32275
7,1x3,1,the,1.1373,0.3791
7,1x3,1,water,2.7049,0.54098
7,1x3,1,longer,2.0901,0.34835
7,1x3,1,than,2.5819,0.645475
7,1x3,1,a,0.0924,0.0924
7,1x3,1,football,3.1045,0.388063
7,1x3,1,field,3.1045,0.6209
7,1x3,1,we,0.3381,0.16905
7,1x3,1,missed,2.0902,0.348367
7,1x3,1,your,1.1065,0.276625
7,1x3,1,birthday,4.5802,0.572525
7,1x3,1,rain,1.1987,0.299675
7,1x3,1,rain,1.1681,0.292025
7,1x3,1,go,0.584,0.292
7,1x3,1,away,1.5062,0.37655
7,1x3,1,play,1.7828,0.4457
7,1x3,1,it,0.5841,0.29205
7,1x3,1,again,2.582,0.5164
7,1x3,1,,0.9836,inf
7,1x3,1,the,0.9528,0.3176
7,1x3,1,library,4.826,0.689429
7,1x3,1,is,0.522,0.261
7,1x3,1,closed,3.78,0.63
7,1x3,1,today,1.906,0.3812
7,1x3,1,he,0.553,0.2765
7,1x3,1,is,0.737,0.3685
7,1x3,1,still,2.12,0.424
7,1x3,1,on,0.891,0.4455
7,1x3,1,our,1.598,0.532667
7,1x3,1,team,1.967,0.49175
7,1x3,1,can,1.106,0.368667
7,1x3,1,we,0.523,0.2615
7,1x3,1,play,1.875,0.46875
7,1x3,1,cards,1.721,0.3442
7,1x3,1,tonight,3.904,0.557714
7,1x3,1,tell,1.752,0.438
7,1x3,1,a,0.092,0.092
7,1x3,1,lie,0.952,0.317333
7,1x3,1,and,0.922,0.307333
7,1x3,1,your,1.322,0.3305
7,1x3,1,nose,1.414,0.3535
7,1x3,1,will,1.383,0.34575
7,1x3,1,grow,2.367,0.59175
7,1x3,1,the,1.291,0.430333
7,1x3,1,treasury,4.242,0.53025
7,1x3,1,department,5.686,0.5686
7,1x3,1,is,0.645,0.3225
7,1x3,1,broken,2.92,0.486667
7,1x3,1,the,0.983,0.327667
7,1x3,1,capital,3.688,0.526857
7,1x3,1,of,0.953,0.4765
7,1x3,1,our,0.83,0.276667
7,1x3,1,nation,2.213,0.368833
7,1x3,1,all,0.738,0.246
7,1x3,1,work,1.813,0.45325
7,1x3,1,and,1.384,0.461333
7,1x3,1,no,0.584,0.292
7,1x3,1,play,1.537,0.38425
7,1x3,1,a,0.215,0.215
7,1x3,1,picture,2.981,0.425857
7,1x3,1,is,0.738,0.369
7,1x3,1,worth,2.305,0.461
7,1x3,1,many,2.214,0.5535
7,1x3,1,words,2.336,0.4672
7,1x3,1,a,0.122,0.122
7,1x3,1,subject,3.904,0.557714
7,1x3,1,one,1.168,0.389333
7,1x3,1,can,1.168,0.389333
7,1x3,1,really,2.398,0.399667
7,1x3,1,enjoy,3.412,0.6824
7,1x3,1,stability,5.472,0.608
7,1x3,1,of,0.707,0.3535
7,1x3,1,the,1.352,0.450667
7,1x3,1,nation,2.306,0.384333
7,1x3,1,do,0.553,0.2765
7,1x3,1,not,1.69,0.563333
7,1x3,1,worry,2.582,0.5164
7,1x3,1,about,2.582,0.5164
7,1x3,1,this,1.629,0.40725
7,1x3,1,not,1.015,0.338333
7,1x3,1,quite,2.121,0.4242
7,1x3,1,so,0.768,0.384
7,1x3,1,smart,2.336,0.4672
7,1x3,1,as,0.522,0.261
7,1x3,1,you,1.015,0.338333
7,1x3,1,think,2.306,0.4612
7,1x3,1,,0.092,inf
7,1x3,1,,3.136,inf
7,1x3,1,listen,0.522,0.087
7,1x3,1,to,1.291,0.6455
7,1x3,1,the,1.568,0.522667
7,1x3,1,tape,5.349,1.33725
7,1x3,1,,0.092,inf
7,1x3,1,,1.66,inf
7,1x3,1,just,2.951,0.73775
7,1x3,1,cannot,3.228,0.538
7,1x3,1,figure,2.244,0.374
7,1x3,1,this,0.923,0.23075
7,1x3,1,space,2.337,0.4674
7,1x3,1,is,0.646,0.323
7,1x3,1,a,0.154,0.154
7,1x3,1,high,2.214,0.5535
7,1x3,1,priority,4.304,0.538
7,1x3,1,please,2.614,0.435667
7,1x3,1,provide,5.134,0.733429
7,1x3,1,your,1.23,0.3075
7,1x3,1,date,1.66,0.415
7,1x3,1,of,0.892,0.446
7,1x3,1,birth,2.643,0.5286
7,1x3,1,get,1.936,0.645333
7,1x3,1,rid,1.045,0.348333
7,1x3,1,of,0.769,0.3845
7,1x3,1,that,1.445,0.36125
7,1x3,1,immediately,7.286,0.662364
8,1x3,1,the,1.4446,0.481533
8,1x3,1,quick,3.012,0.6024
8,1x3,1,brown,4.8254,0.96508
8,1x3,1,fox,3.3808,1.12693
8,1x3,1,jumps,4.395,0.879
8,1x3,1,over,3.5652,0.8913
8,1x3,1,the,3.2271,1.0757
8,1x3,1,lazy,4.0569,1.01423
8,1x3,1,dog,2.9505,0.9835
8,1x3,1,the,2.889,0.963
8,1x3,1,five,3.811,0.95275
8,1x3,1,boxing,5.0096,0.834933
8,1x3,1,wizards,4.733,0.676143
8,1x3,1,jump,3.3808,0.8452
8,1x3,1,quickly,4.4256,0.632229
8,1x3,1,are,2.0285,0.676167
8,1x3,1,you,2.889,0.963
8,1x3,1,talking,4.9484,0.706914
8,1x3,1,to,1.5675,0.78375
8,1x3,1,me,2.1515,1.07575
8,1x3,1,the,2.6432,0.881067
8,1x3,1,force,4.6411,0.92822
8,1x3,1,is,1.8134,0.9067
8,1x3,1,with,3.1043,0.776075
8,1x3,1,you,2.1823,0.727433
8,1x3,1,you,1.9978,0.665933
8,1x3,1,must,3.1351,0.783775
8,1x3,1,be,2.09,1.045
8,1x3,1,getting,3.7803,0.540043
8,1x3,1,old,2.4895,0.829833
8,1x3,1,consequences,6.3622,0.530183
8,1x3,1,of,1.7519,0.87595
8,1x3,1,a,1.0451,1.0451
8,1x3,1,wrong,4.6102,0.92204
8,1x3,1,turn,5.6247,1.40617
8,1x3,1,medieval,5.6861,0.710763
8,1x3,1,times,3.6883,0.73766
8,1x3,1,were,2.5511,0.637775
8,1x3,1,very,3.3809,0.845225
8,1x3,1,hard,3.2579,0.814475
8,1x3,1,did,3.4116,1.1372
8,1x3,1,you,2.889,0.963
8,1x3,1,have,3.7806,0.94515
8,1x3,1,a,1.1065,1.1065
8,1x3,1,good,3.6575,0.914375
8,1x3,1,time,3.6884,0.9221
8,1x3,1,my,1.629,0.8145
8,1x3,1,fingers,4.549,0.649857
8,1x3,1,are,1.5676,0.522533
8,1x3,1,very,2.8891,0.722275
8,1x3,1,cold,2.8893,0.722325
8,1x3,1,elections,6.6698,0.741089
8,1x3,1,bring,3.7805,0.7561
8,1x3,1,out,1.6598,0.553267
8,1x3,1,the,2.1823,0.727433
8,1x3,1,best,2.6125,0.653125
8,1x3,1,an,1.844,0.922
8,1x3,1,airport,3.9954,0.570771
8,1x3,1,is,1.6595,0.82975
8,1x3,1,a,0.246,0.246
8,1x3,1,very,2.3971,0.599275
8,1x3,1,busy,2.6739,0.668475
8,1x3,1,place,4.9483,0.98966
8,1x3,1,are,2.0592,0.6864
8,1x3,1,you,1.6291,0.543033
8,1x3,1,sure,2.7354,0.68385
8,1x3,1,you,1.844,0.614667
8,1x3,1,want,3.1655,0.791375
8,1x3,1,this,3.3192,0.8298
8,1x3,1,presidents,5.8089,0.58089
8,1x3,1,drive,3.8418,0.76836
8,1x3,1,expensive,5.6859,0.631767
8,1x3,1,cars,2.674,0.6685
8,1x3,1,do,1.8134,0.9067
8,1x3,1,not,2.7354,0.9118
8,1x3,1,worry,3.4424,0.68848
8,1x3,1,about,3.4424,0.68848
8,1x3,1,this,2.4282,0.60705
8,1x3,1,coalition,5.8091,0.645456
8,1x3,1,governments,7.1923,0.653845
8,1x3,1,never,2.8893,0.57786
8,1x3,1,work,3.1658,0.79145
8,1x3,1,yes,3.1967,1.06557
8,1x3,1,you,2.0901,0.6967
8,1x3,1,are,1.8443,0.614767
8,1x3,1,very,3.5042,0.87605
8,1x3,1,smart,3.9343,0.78686
8,1x3,1,frequently,5.748,0.5748
8,1x3,1,asked,3.6578,0.73156
8,1x3,1,questions,4.8873,0.543033
8,1x3,1,nothing,3.7809,0.540129
8,1x3,1,wrong,3.6271,0.72542
8,1x3,1,with,2.7357,0.683925
8,1x3,1,his,2.7974,0.932467
8,1x3,1,style,4.2422,0.84844
8,1x3,1,we,1.444,0.722
8,1x3,1,run,2.767,0.922333
8,1x3,1,the,2.582,0.860667
8,1x3,1,risk,3.013,0.75325
8,1x3,1,of,2.244,1.122
8,1x3,1,failure,4.703,0.671857
8,1x3,1,you,2.459,0.819667
8,1x3,1,are,1.691,0.563667
8,1x3,1,a,1.046,1.046
8,1x3,1,wonderful,7.562,0.840222
8,1x3,1,example,5.626,0.803714
8,1x3,1,no,1.721,0.8605
8,1x3,1,exchange,5.871,0.733875
8,1x3,1,without,4.088,0.584
8,1x3,1,a,1.076,1.076
8,1x3,1,bill,2.244,0.561
8,1x3,1,,1.107,inf
8,1x3,1,,2.398,inf
8,1x3,1,can,2.367,0.789
8,1x3,1,still,2.397,0.4794
8,1x3,1,feel,2.428,0.607
8,1x3,1,your,5.348,1.337
8,1x3,1,my,1.506,0.753
8,1x3,1,favorite,4.426,0.55325
8,1x3,1,place,3.289,0.6578
8,1x3,1,to,1.66,0.83
8,1x3,1,visit,3.289,0.6578
8,1x3,1,my,1.444,0.722
8,1x3,1,preferred,5.133,0.570333
8,1x3,1,treat,3.197,0.6394
8,1x3,1,is,1.321,0.6605
8,1x3,1,chocolate,5.502,0.611333
8,1x3,1,what,2.735,0.68375
8,1x3,1,goes,2.582,0.6455
8,1x3,1,up,1.014,0.507
8,1x3,1,must,2.735,0.68375
8,1x3,1,come,2.766,0.6915
8,1x3,1,down,2.797,0.69925
8,1x3,1,the,1.66,0.553333
8,1x3,1,location,3.75,0.46875
8,1x3,1,of,1.106,0.553
8,1x3,1,the,1.967,0.655667
8,1x3,1,crime,3.043,0.6086
8,1x3,1,they,2.428,0.607
8,1x3,1,watched,3.689,0.527
8,1x3,1,the,1.997,0.665667
8,1x3,1,entire,3.596,0.599333
8,1x3,1,movie,4.18,0.836
8,1x3,1,take,2.889,0.72225
8,1x3,1,a,1.537,1.537
8,1x3,1,coffee,3.904,0.650667
8,1x3,1,break,3.596,0.7192
8,1x3,1,this,2.152,0.538
8,1x3,1,equation,3.812,0.4765
8,1x3,1,is,1.444,0.722
8,1x3,1,too,1.26,0.42
8,1x3,1,complicated,5.287,0.480636
8,1x3,1,this,2.152,0.538
8,1x3,1,library,3.688,0.526857
8,1x3,1,has,2.183,0.727667
8,1x3,1,many,3.227,0.80675
8,1x3,1,books,2.827,0.5654
8,1x3,1,the,1.905,0.635
8,1x3,1,winner,2.643,0.4405
8,1x3,1,of,1.23,0.615
8,1x3,1,the,1.568,0.522667
8,1x3,1,race,2.366,0.5915
8,1x3,1,,1.199,inf
8,1x3,1,,1.291,inf
8,1x3,1,do,1.875,0.9375
8,1x3,1,not,2.029,0.676333
8,1x3,1,fully,2.982,0.5964
8,1x3,1,agree,2.305,0.461
8,1x3,1,with,1.814,0.4535
8,1x3,1,where,3.135,0.627
8,1x3,1,did,2.182,0.727333
8,1x3,1,you,1.722,0.574
8,1x3,1,get,1.998,0.666
8,1x3,1,such,2.275,0.56875
8,1x3,1,a,0.953,0.953
8,1x3,1,silly,4.456,0.8912
8,1x3,1,idea,2.674,0.6685
8,1x3,1,,1.291,inf
8,1x3,1,,2.735,inf
8,1x3,1,want,1.568,0.392
8,1x3,1,to,2.889,1.4445
8,1x3,1,hold,2.398,0.5995
8,1x3,1,your,3.32,0.83
8,1x3,1,just,2.951,0.73775
8,1x3,1,in,2.029,1.0145
8,1x3,1,time,3.105,0.77625
8,1x3,1,for,2.52,0.84
8,1x3,1,the,2.428,0.809333
8,1x3,1,party,3.043,0.6086
8,1x3,1,shall,2.767,0.5534
8,1x3,1,we,1.352,0.676
8,1x3,1,play,2.336,0.584
8,1x3,1,a,0.861,0.861
8,1x3,1,round,3.504,0.7008
8,1x3,1,of,1.475,0.7375
8,1x3,1,cards,2.736,0.5472
8,1x3,1,world,3.443,0.6886
8,1x3,1,population,5.686,0.5686
8,1x3,1,is,2.951,1.4755
8,1x3,1,growing,4.58,0.654286
8,1x3,1,valid,4.949,0.9898
8,1x3,1,until,3.197,0.6394
8,1x3,1,the,2.152,0.717333
8,1x3,1,end,2.92,0.973333
8,1x3,1,of,1.999,0.9995
8,1x3,1,the,1.968,0.656
8,1x3,1,year,2.643,0.66075
8,1x3,1,want,2.705,0.67625
8,1x3,1,to,1.599,0.7995
8,1x3,1,join,3.043,0.76075
8,1x3,1,us,1.659,0.8295
8,1x3,1,for,2.336,0.778667
8,1x3,1,lunch,2.643,0.5286
8,1x3,1,fall,2.797,0.69925
8,1x3,1,is,2.028,1.014
8,1x3,1,my,1.814,0.907
8,1x3,1,favorite,5.103,0.637875
8,1x3,1,season,4.795,0.799167
9,1x3,1,the,1.3521,0.4507
9,1x3,1,quick,1.5672,0.31344
9,1x3,1,brown,2.4891,0.49782
9,1x3,1,fox,1.7516,0.583867
9,1x3,1,jumps,2.2433,0.44866
9,1x3,1,over,1.5058,0.37645
9,1x3,1,the,0.9219,0.3073
9,1x3,1,lazy,2.5507,0.637675
9,1x3,1,dog,1.1371,0.379033
9,1x3,1,the,1.0755,0.3585
9,1x3,1,five,1.6902,0.42255
9,1x3,1,boxing,2.3664,0.3944
9,1x3,1,wizards,3.0115,0.430214
9,1x3,1,jump,1.6287,0.407175
9,1x3,1,quickly,2.8888,0.412686
9,1x3,1,our,0.8912,0.297067
9,1x3,1,fax,0.9219,0.3073
9,1x3,1,number,2.0591,0.343183
9,1x3,1,has,1.1371,0.379033
9,1x3,1,changed,2.4585,0.351214
9,1x3,1,take,1.6902,0.42255
9,1x3,1,a,0.3381,0.3381
9,1x3,1,coffee,1.721,0.286833
9,1x3,1,break,2.0591,0.41182
9,1x3,1,protect,3.0117,0.430243
9,1x3,1,your,1.1985,0.299625
9,1x3,1,environment,5.2552,0.477745
9,1x3,1,do,0.8296,0.4148
9,1x3,1,not,0.9527,0.317567
9,1x3,1,feel,1.1677,0.291925
9,1x3,1,too,0.9834,0.3278
9,1x3,1,bad,1.2908,0.430267
9,1x3,1,about,1.7518,0.35036
9,1x3,1,it,0.5839,0.29195
9,1x3,1,you,1.1064,0.3688
9,1x3,1,will,1.3216,0.3304
9,1x3,1,loose,2.1821,0.43642
9,1x3,1,your,1.2601,0.315025
9,1x3,1,voice,2.3358,0.46716
9,1x3,1,just,1.6289,0.407225
9,1x3,1,what,1.5368,0.3842
9,1x3,1,the,1.3831,0.461033
9,1x3,1,doctor,2.9198,0.486633
9,1x3,1,ordered,2.6126,0.373229
9,1x3,1,get,1.1065,0.368833
9,1x3,1,rid,1.1065,0.368833
9,1x3,1,of,0.7377,0.36885
9,1x3,1,that,1.5061,0.376525
9,1x3,1,immediately,5.4402,0.494564
9,1x3,1,why,1.4447,0.481567
9,1x3,1,do,0.7992,0.3996
9,1x3,1,you,1.1372,0.379067
9,1x3,1,ask,1.6291,0.543033
9,1x3,1,silly,1.9364,0.38728
9,1x3,1,questions,3.9342,0.437133
9,1x3,1,the,1.1985,0.3995
9,1x3,1,sum,1.4752,0.491733
9,1x3,1,of,0.6453,0.32265
9,1x3,1,the,1.1985,0.3995
9,1x3,1,parts,1.6594,0.33188
9,1x3,1,the,0.9527,0.317567
9,1x3,1,winner,1.9669,0.327817
9,1x3,1,of,0.461,0.2305
9,1x3,1,the,0.9833,0.327767
9,1x3,1,race,1.7212,0.4303
9,1x3,1,,0.7684,inf
9,1x3,1,,0.6146,inf
9,1x3,1,do,1.0449,0.52245
9,1x3,1,not,1.7825,0.594167
9,1x3,1,fully,2.3357,0.46714
9,1x3,1,agree,1.4444,0.28888
9,1x3,1,with,0.8913,0.222825
9,1x3,1,do,0.7375,0.36875
9,1x3,1,not,1.1064,0.3688
9,1x3,1,say,1.0757,0.358567
9,1x3,1,anything,3.3191,0.414888
9,1x3,1,this,1.2601,0.315025
9,1x3,1,is,0.5839,0.29195
9,1x3,1,a,0.7683,0.7683
9,1x3,1,non,0.9527,0.317567
9,1x3,1,profit,2.766,0.461
9,1x3,1,organization,5.7165,0.476375
9,1x3,1,insurance,4.5178,0.501978
9,1x3,1,is,0.6148,0.3074
9,1x3,1,important,3.2578,0.361978
9,1x3,1,for,0.9528,0.3176
9,1x3,1,bad,1.0143,0.3381
9,1x3,1,drivers,3.4114,0.487343
9,1x3,1,we,0.5532,0.2766
9,1x3,1,have,1.4138,0.35345
9,1x3,1,enough,2.8584,0.4764
9,1x3,1,witnesses,3.934,0.437111
9,1x3,1,frequently,4.5797,0.45797
9,1x3,1,asked,1.7827,0.35654
9,1x3,1,questions,4.1799,0.464433
9,1x3,1,with,1.3216,0.3304
9,1x3,1,each,1.7212,0.4303
9,1x3,1,step,1.6289,0.407225
9,1x3,1,forward,3.3503,0.478614
9,1x3,1,you,0.8913,0.2971
9,1x3,1,should,2.2746,0.3791
9,1x3,1,visit,2.2131,0.44262
9,1x3,1,a,0.1536,0.1536
9,1x3,1,doctor,3.1045,0.517417
9,1x3,1,this,1.075,0.26875
9,1x3,1,is,0.553,0.2765
9,1x3,1,a,0.461,0.461
9,1x3,1,very,1.322,0.3305
9,1x3,1,good,0.983,0.24575
9,1x3,1,idea,1.291,0.32275
9,1x3,1,thank,1.69,0.338
9,1x3,1,you,0.829,0.276333
9,1x3,1,for,0.86,0.286667
9,1x3,1,your,0.861,0.21525
9,1x3,1,help,1.107,0.27675
9,1x3,1,they,1.352,0.338
9,1x3,1,watched,2.428,0.346857
9,1x3,1,the,0.86,0.286667
9,1x3,1,entire,1.905,0.3175
9,1x3,1,movie,1.844,0.3688
9,1x3,1,never,2.305,0.461
9,1x3,1,too,0.891,0.297
9,1x3,1,rich,1.353,0.33825
9,1x3,1,and,1.076,0.358667
9,1x3,1,never,2.243,0.4486
9,1x3,1,too,0.584,0.194667
9,1x3,1,thin,1.199,0.29975
9,1x3,1,do,1.106,0.553
9,1x3,1,not,0.861,0.287
9,1x3,1,drink,1.844,0.3688
9,1x3,1,the,1.076,0.358667
9,1x3,1,water,1.813,0.3626
9,1x3,1,valid,2.12,0.424
9,1x3,1,until,1.905,0.381
9,1x3,1,the,1.014,0.338
9,1x3,1,end,1.076,0.358667
9,1x3,1,of,0.645,0.3225
9,1x3,1,the,1.045,0.348333
9,1x3,1,year,1.506,0.3765
9,1x3,1,travel,2.459,0.409833
9,1x3,1,at,0.769,0.3845
9,1x3,1,the,1.782,0.594
9,1x3,1,speed,1.506,0.3012
9,1x3,1,of,0.676,0.338
9,1x3,1,light,1.383,0.2766
9,1x3,1,love,1.383,0.34575
9,1x3,1,means,1.813,0.3626
9,1x3,1,many,1.475,0.36875
9,1x3,1,things,2.336,0.389333
9,1x3,1,an,0.769,0.3845
9,1x3,1,occasional,4.21,0.421
9,1x3,1,taste,1.629,0.3258
9,1x3,1,of,0.584,0.292
9,1x3,1,chocolate,3.934,0.437111
9,1x3,1,an,0.8,0.4
9,1x3,1,airport,2.12,0.302857
9,1x3,1,is,0.553,0.2765
9,1x3,1,a,0.153,0.153
9,1x3,1,very,1.445,0.36125
9,1x3,1,busy,1.291,0.32275
9,1x3,1,place,1.383,0.2766
9,1x3,1,the,0.892,0.297333
9,1x3,1,force,1.536,0.3072
9,1x3,1,is,0.554,0.277
9,1x3,1,with,1.106,0.2765
9,1x3,1,you,0.86,0.286667
9,1x3,1,my,0.677,0.3385
9,1x3,1,watch,1.598,0.3196
9,1x3,1,fell,1.014,0.2535
9,1x3,1,in,0.554,0.277
9,1x3,1,the,0.799,0.266333
9,1x3,1,water,1.26,0.252
9,1x3,1,well,0.953,0.23825
9,1x3,1,connected,2.735,0.303889
9,1x3,1,with,1.198,0.2995
9,1x3,1,people,1.752,0.292
9,1x3,1,a,0.123,0.123
9,1x3,1,fox,0.768,0.256
9,1x3,1,is,0.461,0.2305
9,1x3,1,a,0.123,0.123
9,1x3,1,very,1.352,0.338
9,1x3,1,smart,2.275,0.455
9,1x3,1,animal,1.936,0.322667
9,1x3,1,the,0.707,0.235667
9,1x3,1,library,2.06,0.294286
9,1x3,1,is,0.492,0.246
9,1x3,1,closed,1.998,0.333
9,1x3,1,today,1.414,0.2828
9,1x3,1,can,1.045,0.348333
9,1x3,1,we,0.399,0.1995
9,1x3,1,play,0.983,0.24575
9,1x3,1,cards,1.476,0.2952
9,1x3,1,tonight,2.09,0.298571
9,1x3,1,the,0.861,0.287
9,1x3,1,union,1.537,0.3074
9,1x3,1,will,1.045,0.26125
9,1x3,1,go,0.614,0.307
9,1x3,1,on,0.861,0.4305
9,1x3,1,strike,2.337,0.3895
9,1x3,1,,0.615,inf
9,1x3,1,,1.26,inf
9,1x3,1,will,1.229,0.30725
9,1x3,1,meet,1.168,0.292
9,1x3,1,you,0.676,0.225333
9,1x3,1,at,1.475,0.7375
9,1x3,1,sit,0.922,0.307333
9,1x3,1,at,0.584,0.292
9,1x3,1,the,0.891,0.297
9,1x3,1,front,1.936,0.3872
9,1x3,1,of,0.615,0.3075
9,1x3,1,the,0.892,0.297333
9,1x3,1,bus,0.86,0.286667
9,1x3,1,he,0.584,0.292
9,1x3,1,is,0.768,0.384
9,1x3,1,just,1.198,0.2995
9,1x3,1,like,1.26,0.315
9,1x3,1,everyone,2.828,0.3535
9,1x3,1,else,1.506,0.3765
10,1x3,1,the,0.7065,0.2355
10,1x3,1,quick,1.5975,0.3195
10,1x3,1,brown,1.4131,0.28262
10,1x3,1,fox,1.2289,0.409633
10,1x3,1,jumps,1.6281,0.32562
10,1x3,1,over,1.198,0.2995
10,1x3,1,the,0.6758,0.225267
10,1x3,1,lazy,1.4745,0.368625
10,1x3,1,dog,0.7987,0.266233
10,1x3,1,the,0.7065,0.2355
10,1x3,1,five,1.5052,0.3763
10,1x3,1,boxing,2.2734,0.3789
10,1x3,1,wizards,2.0276,0.289657
10,1x3,1,jump,1.0751,0.268775
10,1x3,1,quickly,2.3348,0.333543
10,1x3,1,construction,4.2089,0.350742
10,1x3,1,makes,1.6282,0.32564
10,1x3,1,traveling,2.765,0.307222
10,1x3,1,difficult,3.0415,0.337944
10,1x3,1,are,0.5837,0.194567
10,1x3,1,you,0.5529,0.1843
10,1x3,1,talking,1.4439,0.206271
10,1x3,1,to,0.5222,0.2611
10,1x3,1,me,0.7988,0.3994
10,1x3,1,world,1.1674,0.23348
10,1x3,1,population,2.7957,0.27957
10,1x3,1,is,0.768,0.384
10,1x3,1,growing,2.9494,0.421343
10,1x3,1,healthy,2.9187,0.416957
10,1x3,1,food,0.8602,0.21505
10,1x3,1,is,0.5838,0.2919
10,1x3,1,good,0.8294,0.20735
10,1x3,1,for,0.8295,0.2765
10,1x3,1,you,0.8602,0.286733
10,1x3,1,where,1.2289,0.24578
10,1x3,1,did,0.6758,0.225267
10,1x3,1,you,0.6759,0.2253
10,1x3,1,get,0.676,0.225333
10,1x3,1,such,0.9831,0.245775
10,1x3,1,a,0.1535,0.1535
10,1x3,1,silly,1.5054,0.30108
10,1x3,1,idea,1.2288,0.3072
10,1x3,1,life,0.9216,0.2304
10,1x3,1,is,0.4608,0.2304
10,1x3,1,but,0.9831,0.3277
10,1x3,1,a,0.338,0.338
10,1x3,1,dream,1.3211,0.26422
10,1x3,1,the,0.7682,0.256067
10,1x3,1,postal,1.7513,0.291883
10,1x3,1,service,2.0893,0.298471
10,1x3,1,is,0.4915,0.24575
10,1x3,1,very,0.9217,0.230425
10,1x3,1,slow,1.0446,0.26115
10,1x3,1,well,0.8603,0.215075
10,1x3,1,connected,2.7959,0.310656
10,1x3,1,with,1.2597,0.314925
10,1x3,1,people,2.1199,0.353317
10,1x3,1,the,0.9218,0.307267
10,1x3,1,collapse,2.4887,0.311087
10,1x3,1,of,0.553,0.2765
10,1x3,1,the,0.6145,0.204833
10,1x3,1,,1.5362,inf
10,1x3,1,oman,2.3351,0.583775
10,1x3,1,the,0.8296,0.276533
10,1x3,1,second,1.7819,0.296983
10,1x3,1,largest,2.0892,0.298457
10,1x3,1,country,2.2122,0.316029
10,1x3,1,stability,3.5028,0.3892
10,1x3,1,of,0.553,0.2765
10,1x3,1,the,0.6453,0.2151
10,1x3,1,nation,1.4441,0.240683
10,1x3,1,what,1.0753,0.268825
10,1x3,1,a,0.1537,0.1537
10,1x3,1,monkey,2.2736,0.378933
10,1x3,1,sees,0.8295,0.207375
10,1x3,1,a,0.0614,0.0614
10,1x3,1,monkey,2.6116,0.435267
10,1x3,1,will,0.8602,0.21505
10,1x3,1,do,0.8603,0.43015
10,1x3,1,exercise,3.2261,0.403263
10,1x3,1,is,0.3995,0.19975
10,1x3,1,good,0.9218,0.23045
10,1x3,1,for,1.6284,0.5428
10,1x3,1,the,0.7374,0.2458
10,1x3,1,mind,0.9218,0.23045
10,1x3,1,not,0.7989,0.2663
10,1x3,1,quite,1.229,0.2458
10,1x3,1,so,0.3994,0.1997
10,1x3,1,smart,1.0446,0.20892
10,1x3,1,as,0.3688,0.1844
10,1x3,1,you,0.5224,0.174133
10,1x3,1,think,0.9525,0.1905
10,1x3,1,we,0.4609,0.23045
10,1x3,1,accept,1.6898,0.281633
10,1x3,1,personal,2.1507,0.268838
10,1x3,1,checks,1.6899,0.28165
10,1x3,1,can,0.7067,0.235567
10,1x3,1,we,0.3688,0.1844
10,1x3,1,play,1.3519,0.337975
10,1x3,1,cards,1.3827,0.27654
10,1x3,1,tonight,1.6285,0.232643
10,1x3,1,longer,1.8128,0.302133
10,1x3,1,than,0.7989,0.199725
10,1x3,1,a,0.1537,0.1537
10,1x3,1,football,1.7206,0.215075
10,1x3,1,field,1.0448,0.20896
10,1x3,1,that,0.8601,0.215025
10,1x3,1,land,0.891,0.22275
10,1x3,1,is,0.3994,0.1997
10,1x3,1,owned,1.4748,0.29496
10,1x3,1,by,0.43,0.215
10,1x3,1,the,0.4916,0.163867
10,1x3,1,government,3.3494,0.33494
10,1x3,1,sad,0.7991,0.266367
10,1x3,1,to,0.4917,0.24585
10,1x3,1,hear,0.9834,0.24585
10,1x3,1,that,0.7375,0.184375
10,1x3,1,news,1.0141,0.253525
10,1x3,1,you,0.6146,0.204867
10,1x3,1,are,0.4609,0.153633
10,1x3,1,a,0.0922,0.0922
10,1x3,1,wonderful,2.4584,0.273156
10,1x3,1,example,2.3047,0.329243
10,1x3,1,sharp,1.7516,0.35032
10,1x3,1,cheese,1.137,0.1895
10,1x3,1,keeps,0.8911,0.17822
10,1x3,1,the,0.5533,0.184433
10,1x3,1,mind,0.676,0.169
10,1x3,1,sharp,1.3522,0.27044
10,1x3,1,,0.1229,inf
10,1x3,1,,0.6453,inf
10,1x3,1,want,0.3074,0.07685
10,1x3,1,to,0.9526,0.4763
10,1x3,1,hold,0.5531,0.138275
10,1x3,1,your,0.6761,0.169025
10,1x3,1,this,0.5532,0.1383
10,1x3,1,is,0.338,0.169
10,1x3,1,a,0.0307,0.0307
10,1x3,1,very,1.3521,0.338025
10,1x3,1,good,0.5223,0.130575
10,1x3,1,idea,0.7375,0.184375
10,1x3,1,fall,0.5839,0.145975
10,1x3,1,is,0.3688,0.1844
10,1x3,1,my,0.5224,0.2612
10,1x3,1,favorite,2.3047,0.288088
10,1x3,1,season,1.4443,0.240717
10,1x3,1,no,0.338,0.169
10,1x3,1,exchange,2.6121,0.326513
10,1x3,1,without,1.4443,0.206329
10,1x3,1,a,0.1228,0.1228
10,1x3,1,bill,0.461,0.11525
10,1x3,1,the,0.6147,0.2049
10,1x3,1,algorithm,2.8272,0.314133
10,1x3,1,is,0.4302,0.2151
10,1x3,1,too,0.461,0.153667
10,1x3,1,complicated,3.2882,0.298927
10,1x3,1,,0.0614,inf
10,1x3,1,,0.7683,inf
10,1x3,1,just,1.9975,0.499375
10,1x3,1,cannot,1.5365,0.256083
10,1x3,1,figure,0.7068,0.1178
10,1x3,1,this,0.3995,0.099875
10,1x3,1,do,0.3381,0.16905
10,1x3,1,you,0.338,0.112667
10,1x3,1,get,0.4917,0.1639
10,1x3,1,nervous,2.305,0.329286
10,1x3,1,when,0.9834,0.24585
10,1x3,1,you,0.6454,0.215133
10,1x3,1,speak,1.9976,0.39952
10,1x3,1,space,1.014,0.2028
10,1x3,1,is,0.368,0.184
10,1x3,1,a,0.061,0.061
10,1x3,1,high,1.168,0.292
10,1x3,1,priority,3.166,0.39575
10,1x3,1,a,0.184,0.184
10,1x3,1,quarter,2.151,0.307286
10,1x3,1,of,0.4,0.2
10,1x3,1,a,0.092,0.092
10,1x3,1,century,2.09,0.298571
10,1x3,1,my,0.522,0.261
10,1x3,1,preferred,2.396,0.266222
10,1x3,1,treat,1.567,0.3134
10,1x3,1,is,0.4,0.2
10,1x3,1,chocolate,2.735,0.303889
10,1x3,1,just,1.045,0.26125
10,1x3,1,like,0.799,0.19975
10,1x3,1,it,0.43,0.215
10,1x3,1,says,1.813,0.45325
10,1x3,1,on,0.4,0.2
10,1x3,1,the,0.46,0.153333
10,1x3,1,can,0.583,0.194333
10,1x3,1,good,1.383,0.34575
10,1x3,1,if,0.798,0.399
10,1x3,1,you,0.522,0.174
10,1x3,1,were,0.738,0.1845
10,1x3,1,not,0.738,0.246
10,1x3,1,so,0.43,0.215
10,1x3,1,stupid,1.628,0.271333
10,1x3,1,take,0.676,0.169
10,1x3,1,a,0.061,0.061
10,1x3,1,coffee,1.168,0.194667
10,1x3,1,break,1.076,0.2152
10,1x3,1,they,0.676,0.169
10,1x3,1,watched,2.642,0.377429
10,1x3,1,the,0.461,0.153667
10,1x3,1,entire,1.291,0.215167
10,1x3,1,movie,1.475,0.295
10,1x3,1,players,2.059,0.294143
10,1x3,1,must,1.321,0.33025
10,1x3,1,know,1.444,0.361
10,1x3,1,all,0.461,0.153667
10,1x3,1,the,0.43,0.143333
10,1x3,1,rules,1.352,0.2704
10,1x3,1,the,0.584,0.194667
10,1x3,1,sum,0.953,0.317667
10,1x3,1,of,0.522,0.261
10,1x3,1,the,0.43,0.143333
10,1x3,1,parts,1.045,0.209
10,1x3,1,completely,3.288,0.3288
10,1x3,1,sold,1.413,0.35325
10,1x3,1,out,0.492,0.164
10,1x3,1,of,0.492,0.246
10,1x3,1,that,0.675,0.16875
11,1x3,1,the,1.6895,0.563167
11,1x3,1,quick,2.1502,0.43004
11,1x3,1,brown,3.0103,0.60206
11,1x3,1,fox,1.3823,0.460767
11,1x3,1,jumps,2.4267,0.48534
11,1x3,1,over,1.9352,0.4838
11,1x3,1,the,1.5666,0.5222
11,1x3,1,lazy,2.3959,0.598975
11,1x3,1,dog,2.0274,0.6758
11,1x3,1,the,1.628,0.542667
11,1x3,1,five,2.4881,0.622025
11,1x3,1,boxing,2.6416,0.440267
11,1x3,1,wizards,2.9795,0.425643
11,1x3,1,jump,1.413,0.35325
11,1x3,1,quickly,2.9796,0.425657
11,1x3,1,hands,3.2253,0.64506
11,1x3,1,on,0.8601,0.43005
11,1x3,1,experience,6.2664,0.62664
11,1x3,1,with,1.9967,0.499175
11,1x3,1,a,0.5836,0.5836
11,1x3,1,job,1.1366,0.378867
11,1x3,1,historic,4.7921,0.599013
11,1x3,1,meeting,3.1026,0.443229
11,1x3,1,without,3.0104,0.430057
11,1x3,1,a,0.0921,0.0921
11,1x3,1,result,2.8876,0.481267
11,1x3,1,the,1.2902,0.430067
11,1x3,1,kids,2.0274,0.50685
11,1x3,1,are,1.2902,0.430067
11,1x3,1,very,1.5052,0.3763
11,1x3,1,excited,3.2561,0.465157
11,1x3,1,what,1.6588,0.4147
11,1x3,1,a,0.0921,0.0921
11,1x3,1,monkey,2.2425,0.37375
11,1x3,1,sees,1.2902,0.32255
11,1x3,1,a,0.0615,0.0615
11,1x3,1,monkey,2.1811,0.363517
11,1x3,1,will,1.1674,0.29185
11,1x3,1,do,0.9829,0.49145
11,1x3,1,we,0.5837,0.29185
11,1x3,1,accept,2.3961,0.39935
11,1x3,1,personal,3.4099,0.426238
11,1x3,1,checks,2.857,0.476167
11,1x3,1,information,6.2056,0.564145
11,1x3,1,super,2.1504,0.43008
11,1x3,1,highway,3.3791,0.482729
11,1x3,1,fall,1.874,0.4685
11,1x3,1,is,1.0753,0.53765
11,1x3,1,my,0.9216,0.4608
11,1x3,1,favorite,3.4714,0.433925
11,1x3,1,season,3.6557,0.609283
11,1x3,1,a,0.0614,0.0614
11,1x3,1,good,1.5976,0.3994
11,1x3,1,response,3.4409,0.430113
11,1x3,1,to,0.9216,0.4608
11,1x3,1,the,1.6283,0.542767
11,1x3,1,question,3.871,0.483875
11,1x3,1,stability,5.56001,0.617779
11,1x3,1,of,0.61433,0.307165
11,1x3,1,the,0.82941,0.27647
11,1x3,1,nation,1.72022,0.286703
11,1x3,1,the,1.01373,0.33791
11,1x3,1,price,1.81238,0.362476
11,1x3,1,of,0.46071,0.230355
11,1x3,1,gas,0.6144,0.2048
11,1x3,1,is,0.49149,0.245745
11,1x3,1,high,0.99832,0.24958
11,1x3,1,,0.30715,inf
11,1x3,1,,1.90452,inf
11,1x3,1,listen,0.49143,0.081905
11,1x3,1,to,0.70651,0.353255
11,1x3,1,the,1.22868,0.40956
11,1x3,1,tape,2.76469,0.691173
11,1x3,1,rent,1.41303,0.353257
11,1x3,1,is,0.33785,0.168925
11,1x3,1,paid,1.72018,0.430045
11,1x3,1,at,0.49146,0.24573
11,1x3,1,the,0.73724,0.245747
11,1x3,1,beginning,2.67247,0.296941
11,1x3,1,of,0.36861,0.184305
11,1x3,1,the,0.6758,0.225267
11,1x3,1,month,1.59732,0.319464
11,1x3,1,do,0.52226,0.26113
11,1x3,1,you,0.52227,0.17409
11,1x3,1,prefer,1.99672,0.332787
11,1x3,1,a,0.15358,0.15358
11,1x3,1,window,1.75101,0.291835
11,1x3,1,seat,1.25948,0.31487
11,1x3,1,the,0.9523,0.317433
11,1x3,1,location,2.2733,0.284163
11,1x3,1,of,0.4915,0.24575
11,1x3,1,the,0.768,0.256
11,1x3,1,crime,1.5974,0.31948
11,1x3,1,this,1.0752,0.2688
11,1x3,1,equation,2.7648,0.3456
11,1x3,1,is,0.3687,0.18435
11,1x3,1,too,0.5837,0.194567
11,1x3,1,complicated,3.9321,0.357464
11,1x3,1,accompanied,4.1472,0.377018
11,1x3,1,by,0.3993,0.19965
11,1x3,1,an,0.553,0.2765
11,1x3,1,adult,1.6282,0.32564
11,1x3,1,interactions,4.731,0.39425
11,1x3,1,between,3.1643,0.452043
11,1x3,1,men,1.0445,0.348167
11,1x3,1,and,1.0446,0.3482
11,1x3,1,women,1.8739,0.37478
11,1x3,1,our,0.7987,0.266233
11,1x3,1,fax,0.8294,0.276467
11,1x3,1,number,2.0583,0.34305
11,1x3,1,has,0.9216,0.3072
11,1x3,1,changed,2.5192,0.359886
11,1x3,1,what,1.2903,0.322575
11,1x3,1,goes,1.3518,0.33795
11,1x3,1,up,0.553,0.2765
11,1x3,1,must,1.0139,0.253475
11,1x3,1,come,1.3518,0.33795
11,1x3,1,down,1.3826,0.34565
11,1x3,1,have,1.3517,0.337925
11,1x3,1,a,0.0922,0.0922
11,1x3,1,good,0.9216,0.2304
11,1x3,1,weekend,2.3041,0.329157
11,1x3,1,the,0.9223,0.307433
11,1x3,1,union,1.6284,0.32568
11,1x3,1,will,1.1368,0.2842
11,1x3,1,go,0.5223,0.26115
11,1x3,1,on,0.6145,0.30725
11,1x3,1,strike,1.9355,0.322583
11,1x3,1,medieval,3.8713,0.483912
11,1x3,1,times,1.6898,0.33796
11,1x3,1,were,1.321,0.33025
11,1x3,1,very,0.9524,0.2381
11,1x3,1,hard,1.2289,0.307225
11,1x3,1,do,0.7988,0.3994
11,1x3,1,not,1.0446,0.3482
11,1x3,1,drink,1.444,0.2888
11,1x3,1,the,0.7681,0.256033
11,1x3,1,water,1.5361,0.30722
11,1x3,1,,0.1843,inf
11,1x3,1,,1.0139,inf
11,1x3,1,like,0.553,0.13825
11,1x3,1,to,1.2904,0.6452
11,1x3,1,play,2.3964,0.5991
11,1x3,1,bad,0.8602,0.286733
11,1x3,1,for,0.7987,0.266233
11,1x3,1,the,0.8603,0.286767
11,1x3,1,environment,5.1922,0.472018
11,1x3,1,all,0.891,0.297
11,1x3,1,work,1.3519,0.337975
11,1x3,1,and,1.106,0.368667
11,1x3,1,no,0.5222,0.2611
11,1x3,1,play,1.1983,0.299575
11,1x3,1,a,0.1229,0.1229
11,1x3,1,subject,2.3351,0.333586
11,1x3,1,one,0.6452,0.215067
11,1x3,1,can,0.8603,0.286767
11,1x3,1,really,1.5054,0.2509
11,1x3,1,enjoy,1.567,0.3134
11,1x3,1,the,0.9524,0.317467
11,1x3,1,dog,1.0753,0.358433
11,1x3,1,buried,2.3351,0.389183
11,1x3,1,the,1.0445,0.348167
11,1x3,1,bone,1.4133,0.353325
11,1x3,1,are,1.0446,0.3482
11,1x3,1,you,0.891,0.297
11,1x3,1,talking,1.905,0.272143
11,1x3,1,to,0.4301,0.21505
11,1x3,1,me,0.4916,0.2458
11,1x3,1,the,0.7682,0.256067
11,1x3,1,chamber,2.1508,0.307257
11,1x3,1,makes,1.3212,0.26424
11,1x3,1,important,3.9941,0.443789
11,1x3,1,decisions,2.9187,0.3243
11,1x3,1,the,1.0753,0.358433
11,1x3,1,second,2.0278,0.337967
11,1x3,1,largest,2.3043,0.329186
11,1x3,1,country,2.9504,0.421486
11,1x3,1,protect,2.5808,0.368686
11,1x3,1,your,1.3519,0.337975
11,1x3,1,environment,3.9634,0.360309
11,1x3,1,the,0.8911,0.297033
11,1x3,1,food,0.9524,0.2381
11,1x3,1,at,0.4916,0.2458
11,1x3,1,this,1.0753,0.268825
11,1x3,1,restaurant,3.6255,0.36255
11,1x3,1,do,0.7067,0.35335
11,1x3,1,not,0.7681,0.256033
11,1x3,1,say,0.891,0.297
11,1x3,1,anything,2.6729,0.334113
11,1x3,1,world,1.7206,0.34412
11,1x3,1,population,3.8098,0.38098
11,1x3,1,is,0.3687,0.18435
11,1x3,1,growing,2.3044,0.3292
11,1x3,1,,0.0922,inf
11,1x3,1,,0.4608,inf
11,1x3,1,am,1.6898,0.8449
11,1x3,1,going,0.4608,0.09216
11,1x3,1,to,0.0922,0.0461
11,1x3,1,a,1.5669,1.5669
11,1x3,1,music,1.6285,0.3257
11,1x3,1,what,1.2903,0.322575
11,1x3,1,you,0.891,0.297
11,1x3,1,see,0.553,0.184333
11,1x3,1,is,0.6452,0.3226
11,1x3,1,what,1.1368,0.2842
11,1x3,1,you,0.9525,0.3175
11,1x3,1,get,0.8296,0.276533
11,1x3,1,you,0.891,0.297
11,1x3,1,are,0.8296,0.276533
11,1x3,1,a,0.1538,0.1538
11,1x3,1,wonderful,2.9189,0.324322
11,1x3,1,example,2.2428,0.3204
12,1x3,1,the,1.6592,0.553067
12,1x3,1,quick,2.0892,0.41784
12,1x3,1,brown,2.3965,0.4793
12,1x3,1,fox,1.444,0.481333
12,1x3,1,jumps,2.4272,0.48544
12,1x3,1,over,2.0585,0.514625
12,1x3,1,the,1.5055,0.501833
12,1x3,1,lazy,2.5808,0.6452
12,1x3,1,dog,1.5976,0.532533
12,1x3,1,the,1.3518,0.4506
12,1x3,1,five,2.2121,0.553025
12,1x3,1,boxing,3.5333,0.588883
12,1x3,1,wizards,4.1784,0.596914
12,1x3,1,jump,1.9048,0.4762
12,1x3,1,quickly,3.9636,0.566229
12,1x3,1,yes,1.4133,0.4711
12,1x3,1,you,1.1061,0.3687
12,1x3,1,are,1.7821,0.594033
12,1x3,1,very,1.8742,0.46855
12,1x3,1,smart,3.2874,0.65748
12,1x3,1,win,1.7205,0.5735
12,1x3,1,first,2.3659,0.47318
12,1x3,1,prize,3.4104,0.68208
12,1x3,1,in,1.1368,0.5684
12,1x3,1,the,1.6899,0.5633
12,1x3,1,contest,3.4412,0.4916
12,1x3,1,a,1.3826,1.3826
12,1x3,1,much,2.6731,0.668275
12,1x3,1,higher,3.1955,0.532583
12,1x3,1,risk,2.3351,0.583775
12,1x3,1,of,0.8604,0.4302
12,1x3,1,getting,3.6871,0.526729
12,1x3,1,cancer,3.1955,0.532583
12,1x3,1,,1.3212,inf
12,1x3,1,,2.2737,inf
12,1x3,1,want,1.0139,0.253475
12,1x3,1,to,2.5195,1.25975
12,1x3,1,hold,2.243,0.56075
12,1x3,1,your,2.3659,0.591475
12,1x3,1,want,2.4581,0.614525
12,1x3,1,to,0.9525,0.47625
12,1x3,1,join,2.3353,0.583825
12,1x3,1,us,1.2905,0.64525
12,1x3,1,for,1.6593,0.5531
12,1x3,1,lunch,2.6732,0.53464
12,1x3,1,are,1.567,0.522333
12,1x3,1,you,1.5058,0.501933
12,1x3,1,sure,1.9973,0.499325
12,1x3,1,you,1.3827,0.4609
12,1x3,1,want,2.1509,0.537725
12,1x3,1,this,1.6593,0.414825
12,1x3,1,insurance,4.517,0.501889
12,1x3,1,is,0.8911,0.44555
12,1x3,1,important,5.2236,0.5804
12,1x3,1,for,1.4442,0.4814
12,1x3,1,bad,1.4442,0.4814
12,1x3,1,drivers,3.1956,0.456514
12,1x3,1,that,2.1204,0.5301
12,1x3,1,land,2.4276,0.6069
12,1x3,1,is,0.7068,0.3534
12,1x3,1,owned,4.1176,0.82352
12,1x3,1,by,0.891,0.4455
12,1x3,1,the,1.2599,0.419967
12,1x3,1,government,5.5621,0.55621
12,1x3,1,,1.2599,inf
12,1x3,1,,2.7657,inf
12,1x3,1,just,3.2574,0.81435
12,1x3,1,cannot,3.5032,0.583867
12,1x3,1,figure,2.4891,0.41485
12,1x3,1,this,1.1984,0.2996
12,1x3,1,every,3.0729,0.61458
12,1x3,1,apple,2.8271,0.56542
12,1x3,1,from,2.028,0.507
12,1x3,1,every,2.7963,0.55926
12,1x3,1,tree,1.26,0.315
12,1x3,1,travel,3.7797,0.62995
12,1x3,1,at,1.0447,0.52235
12,1x3,1,the,1.5672,0.5224
12,1x3,1,speed,3.2574,0.65148
12,1x3,1,of,1.0448,0.5224
12,1x3,1,light,2.7349,0.54698
12,1x3,1,just,2.6121,0.653025
12,1x3,1,what,2.1513,0.537825
12,1x3,1,the,1.4443,0.481433
12,1x3,1,doctor,3.7185,0.61975
12,1x3,1,ordered,5.2858,0.755114
12,1x3,1,completely,6.5764,0.65764
12,1x3,1,sold,2.3048,0.5762
12,1x3,1,out,1.1371,0.379033
12,1x3,1,of,1.1063,0.55315
12,1x3,1,that,2.4585,0.614625
12,1x3,1,reading,3.319,0.474143
12,1x3,1,week,1.5058,0.37645
12,1x3,1,is,1.0142,0.5071
12,1x3,1,just,2.0591,0.514775
12,1x3,1,about,2.5508,0.51016
12,1x3,1,here,1.9054,0.47635
12,1x3,1,thank,2.551,0.5102
12,1x3,1,you,1.383,0.461
12,1x3,1,for,1.4445,0.4815
12,1x3,1,your,1.6903,0.422575
12,1x3,1,help,2.0592,0.5148
12,1x3,1,,1.6905,inf
12,1x3,1,,1.7519,inf
12,1x3,1,will,1.7518,0.43795
12,1x3,1,meet,1.9055,0.476375
12,1x3,1,you,1.0143,0.3381
12,1x3,1,at,1.8749,0.93745
12,1x3,1,the,1.5368,0.512267
12,1x3,1,fax,1.5983,0.532767
12,1x3,1,machine,3.7804,0.540057
12,1x3,1,is,0.922,0.461
12,1x3,1,broken,3.1044,0.5174
12,1x3,1,no,0.8913,0.44565
12,1x3,1,exchange,5.0715,0.633938
12,1x3,1,without,3.1659,0.452271
12,1x3,1,a,0.707,0.707
12,1x3,1,bill,1.4754,0.36885
12,1x3,1,have,1.9057,0.476425
12,1x3,1,a,1.1066,1.1066
12,1x3,1,good,2.0593,0.514825
12,1x3,1,weekend,3.7498,0.535686
12,1x3,1,the,1.5061,0.502033
12,1x3,1,minimum,4.4568,0.636686
12,1x3,1,amount,3.2273,0.537883
12,1x3,1,of,0.7684,0.3842
12,1x3,1,time,2.5204,0.6301
12,1x3,1,please,2.1515,0.358583
12,1x3,1,follow,2.5819,0.430317
12,1x3,1,the,1.4139,0.4713
12,1x3,1,guidelines,5.2869,0.52869
12,1x3,1,information,5.4405,0.494591
12,1x3,1,super,2.459,0.4918
12,1x3,1,highway,3.627,0.518143
12,1x3,1,the,1.2602,0.420067
12,1x3,1,winner,2.7049,0.450817
12,1x3,1,of,0.8299,0.41495
12,1x3,1,the,1.291,0.430333
12,1x3,1,race,2.0287,0.507175
12,1x3,1,soon,1.5368,0.3842
12,1x3,1,we,0.6149,0.30745
12,1x3,1,will,1.2296,0.3074
12,1x3,1,return,2.9507,0.491783
12,1x3,1,from,1.7519,0.437975
12,1x3,1,the,1.3833,0.4611
12,1x3,1,city,2.0594,0.51485
12,1x3,1,the,1.4754,0.4918
12,1x3,1,library,3.75,0.535714
12,1x3,1,is,1.045,0.5225
12,1x3,1,closed,3.4118,0.568633
12,1x3,1,today,2.5819,0.51638
12,1x3,1,the,1.0758,0.3586
12,1x3,1,dog,1.291,0.430333
12,1x3,1,buried,2.7972,0.4662
12,1x3,1,the,0.9222,0.3074
12,1x3,1,bone,1.3524,0.3381
12,1x3,1,just,1.6599,0.414975
12,1x3,1,in,0.8299,0.41495
12,1x3,1,time,2.1516,0.5379
12,1x3,1,for,1.3218,0.4406
12,1x3,1,the,1.2602,0.420067
12,1x3,1,party,1.9058,0.38116
12,1x3,1,,0.9837,inf
12,1x3,1,,0.9222,inf
12,1x3,1,do,1.4139,0.70695
12,1x3,1,not,1.6291,0.543033
12,1x3,1,care,1.0143,0.253575
12,1x3,1,if,1.4139,0.70695
12,1x3,1,you,0.9221,0.307367
12,1x3,1,do,2.0902,1.0451
12,1x3,1,,1.1065,inf
12,1x3,1,,1.6597,inf
12,1x3,1,am,2.674,1.337
12,1x3,1,going,1.0143,0.20286
12,1x3,1,to,1.045,0.5225
12,1x3,1,a,2.8893,2.8893
12,1x3,1,music,2.674,0.5348
12,1x3,1,elections,4.0266,0.4474
12,1x3,1,bring,1.9671,0.39342
12,1x3,1,out,0.8606,0.286867
12,1x3,1,the,1.0142,0.338067
12,1x3,1,best,1.4753,0.368825
12,1x3,1,,1.0449,inf
12,1x3,1,,1.4753,inf
12,1x3,1,can,1.9978,0.665933
12,1x3,1,play,2.1514,0.53785
12,1x3,1,much,1.9362,0.48405
12,1x3,1,better,1.321,0.220167
12,1x3,1,safe,1.291,0.32275
12,1x3,1,to,0.769,0.3845
12,1x3,1,walk,1.998,0.4995
12,1x3,1,the,1.075,0.358333
12,1x3,1,streets,2.736,0.390857
12,1x3,1,in,0.86,0.43
12,1x3,1,the,1.26,0.42
12,1x3,1,evening,3.689,0.527
12,1x3,1,come,1.875,0.46875
12,1x3,1,and,1.168,0.389333
12,1x3,1,see,0.768,0.256
12,1x3,1,our,1.475,0.491667
12,1x3,1,new,1.168,0.389333
12,1x3,1,car,1.014,0.338
12,1x3,1,interesting,4.611,0.419182
12,1x3,1,observation,5.225,0.475
12,1x3,1,was,0.953,0.317667
12,1x3,1,made,1.353,0.33825
12,1x3,1,for,1.168,0.389333
12,1x3,1,your,1.445,0.36125
12,1x3,1,information,4.518,0.410727
12,1x3,1,only,1.537,0.38425
12,1x3,1,they,1.321,0.33025
12,1x3,1,watched,2.92,0.417143
12,1x3,1,the,1.076,0.358667
12,1x3,1,entire,2.029,0.338167
12,1x3,1,movie,2.612,0.5224
12,1x3,1,a,1.229,1.229
12,1x3,1,dog,1.475,0.491667
12,1x3,1,is,0.922,0.461
12,1x3,1,the,1.106,0.368667
12,1x3,1,best,1.291,0.32275
12,1x3,1,friend,3.289,0.548167
12,1x3,1,of,0.86,0.43
12,1x3,1,a,0.984,0.984
12,1x3,1,man,1.199,0.399667
12,1x3,1,do,0.892,0.446
12,1x3,1,you,1.291,0.430333
12,1x3,1,prefer,2.182,0.363667
12,1x3,1,a,0.646,0.646
12,1x3,1,window,2.613,0.4355
12,1x3,1,seat,1.66,0.415
13,1x3,1,the,2.1497,0.716567
13,1x3,1,quick,3.7158,0.74316
13,1x3,1,brown,4.2071,0.84142
13,1x3,1,fox,2.8559,0.951967
13,1x3,1,jumps,4.1765,0.8353
13,1x3,1,over,2.7638,0.69095
13,1x3,1,the,1.8118,0.603933
13,1x3,1,lazy,3.4087,0.852175
13,1x3,1,dog,3.1631,1.05437
13,1x3,1,the,2.9175,0.9725
13,1x3,1,five,2.9174,0.72935
13,1x3,1,boxing,4.2688,0.711467
13,1x3,1,wizards,5.62,0.802857
13,1x3,1,jump,3.0097,0.752425
13,1x3,1,quickly,5.3128,0.758971
13,1x3,1,drugs,5.5894,1.11788
13,1x3,1,should,4.668,0.778
13,1x3,1,be,1.8119,0.90595
13,1x3,1,avoided,7.9245,1.13207
13,1x3,1,please,3.1634,0.527233
13,1x3,1,follow,3.3169,0.552817
13,1x3,1,the,1.9347,0.6449
13,1x3,1,guidelines,7.2786,0.72786
13,1x3,1,,0.9828,inf
13,1x3,1,,3.0405,inf
13,1x3,1,like,0.9214,0.23035
13,1x3,1,to,1.8427,0.92135
13,1x3,1,play,3.9619,0.990475
13,1x3,1,soon,2.4571,0.614275
13,1x3,1,we,0.8293,0.41465
13,1x3,1,will,2.1192,0.5298
13,1x3,1,return,4.4229,0.73715
13,1x3,1,from,3.0714,0.76785
13,1x3,1,the,1.5972,0.5324
13,1x3,1,city,2.8564,0.7141
13,1x3,1,do,1.6893,0.84465
13,1x3,1,you,1.2901,0.430033
13,1x3,1,prefer,3.3173,0.552883
13,1x3,1,a,0.9829,0.9829
13,1x3,1,window,6.4501,1.07502
13,1x3,1,seat,2.8564,0.7141
13,1x3,1,always,5.3752,0.895867
13,1x3,1,cover,3.4402,0.68804
13,1x3,1,all,1.9351,0.645033
13,1x3,1,the,1.505,0.501667
13,1x3,1,bases,4.0851,0.81702
13,1x3,1,shall,4.2695,0.8539
13,1x3,1,we,0.3379,0.16895
13,1x3,1,play,2.6722,0.66805
13,1x3,1,a,0.1843,0.1843
13,1x3,1,round,2.9795,0.5959
13,1x3,1,of,2.2115,1.10575
13,1x3,1,cards,3.7473,0.74946
13,1x3,1,stability,7.556,0.839556
13,1x3,1,of,1.7815,0.89075
13,1x3,1,the,2.058,0.686
13,1x3,1,nation,4.4538,0.7423
13,1x3,1,,1.0443,inf
13,1x3,1,,2.4572,inf
13,1x3,1,just,4.7917,1.19792
13,1x3,1,cannot,6.3275,1.05458
13,1x3,1,figure,2.703,0.4505
13,1x3,1,this,2.0273,0.506825
13,1x3,1,,1.0751,inf
13,1x3,1,,2.4575,inf
13,1x3,1,can,1.8738,0.6246
13,1x3,1,play,2.5495,0.637375
13,1x3,1,much,2.8875,0.721875
13,1x3,1,better,2.4267,0.40445
13,1x3,1,where,3.1947,0.63894
13,1x3,1,did,1.8123,0.6041
13,1x3,1,you,1.2901,0.430033
13,1x3,1,get,1.6894,0.563133
13,1x3,1,such,2.396,0.599
13,1x3,1,a,0.3379,0.3379
13,1x3,1,silly,2.9183,0.58366
13,1x3,1,idea,2.3037,0.575925
13,1x3,1,take,2.9489,0.737225
13,1x3,1,a,0.7372,0.7372
13,1x3,1,coffee,3.2255,0.537583
13,1x3,1,break,3.0411,0.60822
13,1x3,1,a,0.7987,0.7987
13,1x3,1,much,2.5496,0.6374
13,1x3,1,higher,4.5462,0.7577
13,1x3,1,risk,3.6248,0.9062
13,1x3,1,of,0.9215,0.46075
13,1x3,1,getting,3.8399,0.548557
13,1x3,1,cancer,4.9765,0.829417
13,1x3,1,a,1.0137,1.0137
13,1x3,1,subject,5.3452,0.7636
13,1x3,1,one,2.2118,0.737267
13,1x3,1,can,2.0275,0.675833
13,1x3,1,really,4.2086,0.701433
13,1x3,1,enjoy,3.84,0.768
13,1x3,1,do,1.4745,0.73725
13,1x3,1,not,2.0582,0.686067
13,1x3,1,feel,2.6727,0.668175
13,1x3,1,too,1.9353,0.6451
13,1x3,1,bad,3.1949,1.06497
13,1x3,1,about,3.1948,0.63896
13,1x3,1,it,1.0138,0.5069
13,1x3,1,the,1.9045,0.634833
13,1x3,1,food,2.6111,0.652775
13,1x3,1,at,1.3209,0.66045
13,1x3,1,this,2.5497,0.637425
13,1x3,1,restaurant,7.7414,0.77414
13,1x3,1,a,0.8295,0.8295
13,1x3,1,dog,2.7653,0.921767
13,1x3,1,is,1.629,0.8145
13,1x3,1,the,2.059,0.686333
13,1x3,1,best,3.502,0.8755
13,1x3,1,friend,6.236,1.03933
13,1x3,1,of,1.505,0.7525
13,1x3,1,a,0.153,0.153
13,1x3,1,man,2.55,0.85
13,1x3,1,the,2.304,0.768
13,1x3,1,bathroom,4.823,0.602875
13,1x3,1,is,1.32,0.66
13,1x3,1,good,2.396,0.599
13,1x3,1,for,2.028,0.676
13,1x3,1,reading,4.578,0.654
13,1x3,1,rent,2.458,0.6145
13,1x3,1,is,1.812,0.906
13,1x3,1,paid,3.625,0.90625
13,1x3,1,at,1.167,0.5835
13,1x3,1,the,1.905,0.635
13,1x3,1,beginning,6.143,0.682556
13,1x3,1,of,1.413,0.7065
13,1x3,1,the,1.536,0.512
13,1x3,1,month,3.317,0.6634
13,1x3,1,the,1.781,0.593667
13,1x3,1,fax,2.335,0.778333
13,1x3,1,machine,4.915,0.702143
13,1x3,1,is,1.905,0.9525
13,1x3,1,broken,4.669,0.778167
13,1x3,1,the,1.72,0.573333
13,1x3,1,music,3.717,0.7434
13,1x3,1,is,1.137,0.5685
13,1x3,1,better,2.334,0.389
13,1x3,1,than,2.765,0.69125
13,1x3,1,it,1.629,0.8145
13,1x3,1,sounds,3.871,0.645167
13,1x3,1,the,2.027,0.675667
13,1x3,1,capital,5.038,0.719714
13,1x3,1,of,1.229,0.6145
13,1x3,1,our,1.689,0.563
13,1x3,1,nation,2.919,0.4865
13,1x3,1,reading,4.547,0.649571
13,1x3,1,week,3.625,0.90625
13,1x3,1,is,1.045,0.5225
13,1x3,1,just,2.549,0.63725
13,1x3,1,about,3.471,0.6942
13,1x3,1,here,2.888,0.722
13,1x3,1,the,2.151,0.717
13,1x3,1,facts,4.117,0.8234
13,1x3,1,get,2.458,0.819333
13,1x3,1,in,1.229,0.6145
13,1x3,1,the,1.69,0.563333
13,1x3,1,way,1.659,0.553
13,1x3,1,frequently,8.08,0.808
13,1x3,1,asked,4.915,0.983
13,1x3,1,questions,6.636,0.737333
13,1x3,1,please,5.253,0.8755
13,1x3,1,provide,6.021,0.860143
13,1x3,1,your,2.766,0.6915
13,1x3,1,date,2.949,0.73725
13,1x3,1,of,1.597,0.7985
13,1x3,1,birth,3.411,0.6822
13,1x3,1,,0.983,inf
13,1x3,1,,5.929,inf
13,1x3,1,listen,1.444,0.240667
13,1x3,1,to,2.089,1.0445
13,1x3,1,the,3.042,1.014
13,1x3,1,tape,6.698,1.6745
13,1x3,1,the,2.273,0.757667
13,1x3,1,living,4.394,0.732333
13,1x3,1,is,1.567,0.7835
13,1x3,1,easy,2.242,0.5605
13,1x3,1,,1.168,inf
13,1x3,1,,2.949,inf
13,1x3,1,want,0.829,0.20725
13,1x3,1,to,2.458,1.229
13,1x3,1,hold,1.535,0.38375
13,1x3,1,your,2.458,0.6145
13,1x3,1,we,0.922,0.461
13,1x3,1,run,1.597,0.532333
13,1x3,1,the,1.997,0.665667
13,1x3,1,risk,2.396,0.599
13,1x3,1,of,1.505,0.7525
13,1x3,1,failure,3.748,0.535429
13,1x3,1,they,3.471,0.86775
13,1x3,1,might,2.795,0.559
13,1x3,1,find,2.212,0.553
13,1x3,1,your,1.567,0.39175
13,1x3,1,comment,5.56,0.794286
13,1x3,1,offensive,7.189,0.798778
13,1x3,1,the,1.597,0.532333
13,1x3,1,fourth,3.502,0.583667
13,1x3,1,edition,5.1,0.728571
13,1x3,1,was,1.321,0.440333
13,1x3,1,better,3.072,0.512
13,1x3,1,my,1.966,0.983
13,1x3,1,favorite,6.543,0.817875
13,1x3,1,place,4.301,0.8602
13,1x3,1,to,1.689,0.8445
13,1x3,1,visit,6.021,1.2042
13,1x3,1,have,3.41,0.8525
13,1x3,1,a,0.368,0.368
13,1x3,1,good,3.349,0.83725
13,1x3,1,weekend,4.67,0.667143
13,1x3,1,presidents,9.279,0.9279
13,1x3,1,drive,4.577,0.9154
13,1x3,1,expensive,8.234,0.914889
13,1x3,1,cars,2.734,0.6835
13,1x3,1,he,1.69,0.845
13,1x3,1,is,1.198,0.599
13,1x3,1,just,2.58,0.645
13,1x3,1,like,3.226,0.8065
13,1x3,1,everyone,4.977,0.622125
13,1x3,1,else,3.441,0.86025
13,1x3,1,the,2.427,0.809
13,1x3,1,back,3.134,0.7835
13,1x3,1,yard,2.857,0.71425
13,1x3,1,of,1.229,0.6145
13,1x3,1,our,1.29,0.43
13,1x3,1,house,3.287,0.6574
13,1x3,1,the,2.489,0.829667
13,1x3,1,children,5.192,0.649
13,1x3,1,are,2.15,0.716667
13,1x3,1,playing,4.732,0.676
14,1x3,1,the,1.3211,0.440367
14,1x3,1,quick,3.4408,0.68816
14,1x3,1,brown,4.3319,0.86638
14,1x3,1,fox,2.1198,0.7066
14,1x3,1,jumps,3.7482,0.74964
14,1x3,1,over,3.1029,0.775725
14,1x3,1,the,1.6283,0.542767
14,1x3,1,lazy,2.9498,0.73745
14,1x3,1,dog,2.5193,0.839767
14,1x3,1,the,1.6283,0.542767
14,1x3,1,five,2.4271,0.606775
14,1x3,1,boxing,4.4858,0.747633
14,1x3,1,wizards,4.2705,0.610071
14,1x3,1,jump,2.2428,0.5607
14,1x3,1,quickly,5.0387,0.719814
14,1x3,1,express,3.7176,0.531086
14,1x3,1,delivery,4.0248,0.5031
14,1x3,1,is,1.0753,0.53765
14,1x3,1,very,1.7205,0.430125
14,1x3,1,fast,2.3657,0.591425
14,1x3,1,with,2.2429,0.560725
14,1x3,1,each,2.5808,0.6452
14,1x3,1,step,2.6729,0.668225
14,1x3,1,forward,4.6701,0.667157
14,1x3,1,information,7.0973,0.645209
14,1x3,1,super,3.1953,0.63906
14,1x3,1,highway,4.1785,0.596929
14,1x3,1,accompanied,6.9746,0.634055
14,1x3,1,by,1.8742,0.9371
14,1x3,1,an,1.1675,0.58375
14,1x3,1,adult,3.5027,0.70054
14,1x3,1,,0.7988,inf
14,1x3,1,,1.905,inf
14,1x3,1,will,1.6593,0.414825
14,1x3,1,meet,0.9526,0.23815
14,1x3,1,you,1.3213,0.440433
14,1x3,1,at,2.5503,1.27515
14,1x3,1,coalition,5.9303,0.658922
14,1x3,1,governments,7.0674,0.642491
14,1x3,1,never,3.0112,0.60224
14,1x3,1,work,2.3661,0.591525
14,1x3,1,drugs,2.8269,0.56538
14,1x3,1,should,2.5196,0.419933
14,1x3,1,be,1.1984,0.5992
14,1x3,1,avoided,3.718,0.531143
14,1x3,1,just,2.2124,0.5531
14,1x3,1,what,2.4582,0.61455
14,1x3,1,the,1.5365,0.512167
14,1x3,1,doctor,3.4414,0.573567
14,1x3,1,ordered,3.5645,0.509214
14,1x3,1,take,2.1818,0.54545
14,1x3,1,a,1.0755,1.0755
14,1x3,1,coffee,2.7657,0.46095
14,1x3,1,break,3.1651,0.63302
14,1x3,1,the,1.5979,0.532633
14,1x3,1,facts,3.3802,0.67604
14,1x3,1,get,1.3213,0.440433
14,1x3,1,in,1.1677,0.58385
14,1x3,1,the,2.1203,0.706767
14,1x3,1,way,1.3522,0.450733
14,1x3,1,our,1.2907,0.430233
14,1x3,1,fax,1.3214,0.440467
14,1x3,1,number,2.7042,0.4507
14,1x3,1,has,1.5364,0.512133
14,1x3,1,changed,4.3636,0.623371
14,1x3,1,do,1.1063,0.55315
14,1x3,1,you,1.3214,0.440467
14,1x3,1,get,1.9053,0.6351
14,1x3,1,nervous,4.3023,0.614614
14,1x3,1,when,2.6428,0.6607
14,1x3,1,you,1.4443,0.481433
14,1x3,1,speak,3.5338,0.70676
14,1x3,1,reading,4.1177,0.588243
14,1x3,1,week,1.6901,0.422525
14,1x3,1,is,1.5979,0.79895
14,1x3,1,just,2.1511,0.537775
14,1x3,1,about,2.8271,0.56542
14,1x3,1,here,2.2126,0.55315
14,1x3,1,do,1.7208,0.8604
14,1x3,1,not,1.6594,0.553133
14,1x3,1,walk,2.6734,0.66835
14,1x3,1,too,1.5364,0.512133
14,1x3,1,quickly,3.8414,0.548771
14,1x3,1,where,1.9054,0.38108
14,1x3,1,can,1.3522,0.450733
14,1x3,1,my,0.8605,0.43025
14,1x3,1,little,3.1651,0.527517
14,1x3,1,dog,1.2293,0.409767
14,1x3,1,be,1.2293,0.61465
14,1x3,1,,0.4303,inf
14,1x3,1,,1.6901,inf
14,1x3,1,want,1.0756,0.2689
14,1x3,1,to,2.397,1.1985
14,1x3,1,hold,1.8439,0.460975
14,1x3,1,your,2.7351,0.683775
14,1x3,1,that,1.6287,0.407175
14,1x3,1,is,1.1063,0.55315
14,1x3,1,a,0.2458,0.2458
14,1x3,1,very,1.5059,0.376475
14,1x3,1,nasty,2.7043,0.54086
14,1x3,1,cut,1.5365,0.512167
14,1x3,1,my,1.1677,0.58385
14,1x3,1,fingers,3.8107,0.544386
14,1x3,1,are,1.2907,0.430233
14,1x3,1,very,2.2741,0.568525
14,1x3,1,cold,2.0896,0.5224
14,1x3,1,life,1.7514,0.43785
14,1x3,1,is,1.2906,0.6453
14,1x3,1,but,1.2292,0.409733
14,1x3,1,a,0.2151,0.2151
14,1x3,1,dream,2.3352,0.46704
14,1x3,1,just,2.1202,0.53005
14,1x3,1,in,0.8297,0.41485
14,1x3,1,time,1.9358,0.48395
14,1x3,1,for,1.2905,0.430167
14,1x3,1,the,1.2905,0.430167
14,1x3,1,party,3.3799,0.67598
14,1x3,1,sharp,2.5812,0.51624
14,1x3,1,cheese,2.4889,0.414817
14,1x3,1,keeps,2.4889,0.49778
14,1x3,1,the,1.3521,0.4507
14,1x3,1,mind,2.1202,0.53005
14,1x3,1,sharp,2.6733,0.53466
14,1x3,1,the,1.7821,0.594033
14,1x3,1,fourth,2.7039,0.45065
14,1x3,1,edition,5.2851,0.755014
14,1x3,1,was,1.69,0.563333
14,1x3,1,better,2.5196,0.419933
14,1x3,1,rapidly,4.8856,0.697943
14,1x3,1,running,4.056,0.579429
14,1x3,1,short,2.028,0.4056
14,1x3,1,on,0.9218,0.4609
14,1x3,1,words,2.7348,0.54696
14,1x3,1,players,4.7322,0.676029
14,1x3,1,must,2.0588,0.5147
14,1x3,1,know,2.6426,0.66065
14,1x3,1,all,1.1985,0.3995
14,1x3,1,the,1.137,0.379
14,1x3,1,rules,2.7964,0.55928
14,1x3,1,the,1.2599,0.419967
14,1x3,1,dog,1.3522,0.450733
14,1x3,1,buried,3.3495,0.55825
14,1x3,1,the,1.2906,0.4302
14,1x3,1,bone,1.9668,0.4917
14,1x3,1,the,1.075,0.358333
14,1x3,1,kids,1.537,0.38425
14,1x3,1,are,0.891,0.297
14,1x3,1,very,1.475,0.36875
14,1x3,1,excited,2.981,0.425857
14,1x3,1,you,0.83,0.276667
14,1x3,1,are,0.983,0.327667
14,1x3,1,a,0.215,0.215
14,1x3,1,wonderful,4.179,0.464333
14,1x3,1,example,4.302,0.614571
14,1x3,1,construction,7.775,0.647917
14,1x3,1,makes,2.705,0.541
14,1x3,1,traveling,5.408,0.600889
14,1x3,1,difficult,6.054,0.672667
14,1x3,1,he,0.768,0.384
14,1x3,1,is,0.952,0.476
14,1x3,1,just,1.69,0.4225
14,1x3,1,like,1.597,0.39925
14,1x3,1,everyone,4.486,0.56075
14,1x3,1,else,1.751,0.43775
14,1x3,1,the,1.291,0.430333
14,1x3,1,minimum,2.858,0.408286
14,1x3,1,amount,2.427,0.4045
14,1x3,1,of,0.86,0.43
14,1x3,1,time,1.598,0.3995
14,1x3,1,want,1.781,0.44525
14,1x3,1,to,0.829,0.4145
14,1x3,1,join,1.106,0.2765
14,1x3,1,us,0.768,0.384
14,1x3,1,for,1.198,0.399333
14,1x3,1,lunch,2.182,0.4364
14,1x3,1,never,1.997,0.3994
14,1x3,1,too,0.891,0.297
14,1x3,1,rich,1.874,0.4685
14,1x3,1,and,1.167,0.389
14,1x3,1,never,1.813,0.3626
14,1x3,1,too,1.014,0.338
14,1x3,1,thin,1.475,0.36875
14,1x3,1,a,0.184,0.184
14,1x3,1,quarter,3.472,0.496
14,1x3,1,of,0.768,0.384
14,1x3,1,a,0.184,0.184
14,1x3,1,century,3.41,0.487143
14,1x3,1,call,1.72,0.43
14,1x3,1,for,1.352,0.450667
14,1x3,1,more,1.629,0.40725
14,1x3,1,details,4.333,0.619
14,1x3,1,the,1.352,0.450667
14,1x3,1,living,3.502,0.583667
14,1x3,1,is,0.829,0.4145
14,1x3,1,easy,1.69,0.4225
14,1x3,1,electric,4.977,0.622125
14,1x3,1,cars,1.782,0.4455
14,1x3,1,need,1.413,0.35325
14,1x3,1,big,1.567,0.522333
14,1x3,1,fuel,2.212,0.553
14,1x3,1,cells,2.458,0.4916
14,1x3,1,this,1.751,0.43775
14,1x3,1,is,0.952,0.476
14,1x3,1,too,1.444,0.481333
14,1x3,1,much,2.397,0.59925
14,1x3,1,to,0.891,0.4455
14,1x3,1,handle,3.656,0.609333
14,1x3,1,do,1.075,0.5375
14,1x3,1,not,1.567,0.522333
14,1x3,1,feel,1.844,0.461
14,1x3,1,too,1.26,0.42
14,1x3,1,bad,1.076,0.358667
14,1x3,1,about,2.551,0.5102
14,1x3,1,it,0.984,0.492
